m_state_ab,m_div_nm,m_pp_nm,pp_id,29/04/2019,30/04/2019,1/05/2019,2/05/2019,3/05/2019,6/05/2019,7/05/2019,8/05/2019,9/05/2019,10/05/2019,11/05/2019,13/05/2019,14/05/2019,15/05/2019
ACT,Bean,Belconnen BEAN PPVC,93925,19,19,27,27,27,23,37,23,29,41,26,48,73,104
ACT,Bean,City BEAN PPVC,93922,94,86,84,82,75,106,102,106,116,130,70,199,242,328
ACT,Bean,Divisional Office (PREPOLL),93932,2,5,1,3,3,2,3,6,2,1,,7,9,6
ACT,Bean,Gungahlin BEAN PPVC,93929,,,,,,19,21,22,19,20,20,28,29,56
ACT,Bean,Parkes BEAN PPVC,97479,,,,,,,,,,,97,140,131,155
ACT,Bean,Tuggeranong BEAN PPVC,32704,509,579,586,668,693,1084,875,813,882,960,1484,1483,1615,1952
ACT,Bean,Woden BEAN PPVC,32705,459,477,465,491,464,670,555,475,584,643,842,877,1005,1201
ACT,Canberra,Belconnen CANBERRA PPVC,64583,276,221,238,267,247,340,285,289,318,341,421,498,571,740
ACT,Canberra,City CANBERRA PPVC,58708,509,409,388,506,447,520,445,433,504,504,744,784,906,1156
ACT,Canberra,Divisional Office (PREPOLL),30092,21,9,9,23,9,21,16,22,30,19,,36,32,38
ACT,Canberra,Gungahlin CANBERRA PPVC,65981,,,,,,168,108,111,120,142,204,250,244,292
ACT,Canberra,Parkes CANBERRA PPVC,65742,,,,,,,,,,,584,450,517,570
ACT,Canberra,Tuggeranong CANBERRA PPVC,93960,20,17,18,15,24,34,26,26,28,20,21,39,54,81
ACT,Canberra,Woden CANBERRA PPVC,93961,249,251,242,227,229,301,283,236,319,317,318,453,503,555
ACT,Fenner,Belconnen FENNER PPVC,32464,597,576,564,549,691,796,701,676,676,899,1070,1246,1473,1744
ACT,Fenner,City FENNER PPVC,32465,157,141,141,118,159,194,189,182,178,183,94,315,384,553
ACT,Fenner,Divisional Office (PREPOLL),94017,3,5,3,2,9,6,4,7,3,7,,14,16,12
ACT,Fenner,Gungahlin FENNER PPVC,38504,,,,,,624,470,454,514,686,1143,975,933,1378
ACT,Fenner,Parkes FENNER PPVC,83858,,,,,,,,,,,62,137,149,167
ACT,Fenner,Tuggeranong FENNER PPVC,64585,13,24,36,21,14,36,41,31,35,20,15,68,70,95
ACT,Fenner,Woden FENNER PPVC,64584,48,55,48,42,50,68,50,61,54,64,38,129,114,169
NSW,Banks,Hurstville BANKS PPVC,34046,445,378,448,373,387,625,545,505,525,624,820,883,862,975
NSW,Banks,Padstow PPVC,58722,216,232,215,242,277,441,376,399,407,557,663,723,618,734
NSW,Banks,Sydney BANKS PPVC,97610,24,11,18,27,15,29,28,22,16,36,8,44,42,79
NSW,Barton,Belmore BARTON PPVC,65982,48,52,59,37,72,90,88,84,71,118,121,179,185,213
NSW,Barton,Central Sydney BARTON PPVC,97585,19,24,13,12,14,29,29,19,11,22,18,42,52,70
NSW,Barton,Hurstville BARTON PPVC,65171,329,310,370,330,355,528,457,442,390,513,545,657,636,832
NSW,Barton,Marrickville BARTON PPVC,65249,94,110,108,150,155,205,135,164,138,200,268,281,296,401
NSW,Barton,Rockdale BARTON PPVC,33869,351,339,368,406,289,496,476,401,473,541,669,694,804,1044
NSW,Barton,Sydney BARTON PPVC,97609,22,18,20,15,22,37,21,19,39,39,10,50,72,108
NSW,Bennelong,Central Sydney BENNELONG PPVC,97587,19,9,14,16,11,13,8,9,16,14,8,24,27,37
NSW,Bennelong,Chatswood BENNELONG PPVC,65177,25,31,37,30,22,41,37,27,27,31,38,30,46,57
NSW,Bennelong,Eastwood PPVC,83568,,,,,,439,361,346,288,367,514,424,488,637
NSW,Bennelong,Epping PPVC,83571,636,567,519,521,489,542,427,436,465,592,511,601,646,833
NSW,Bennelong,Sydney BENNELONG PPVC,97605,27,30,24,28,14,38,21,15,33,40,5,50,74,101
NSW,Bennelong,West Ryde BENNELONG PPVC,33945,,,,,,740,442,458,444,485,719,715,773,1154
NSW,Berowra,Baulkham Hills BEROWRA PPVC,58669,158,119,93,76,95,74,62,54,65,94,88,117,111,137
NSW,Berowra,Berowra PPVC,83582,,,,,,41,22,26,16,31,52,36,59,111
NSW,Berowra,Cherrybrook PPVC,83925,,,,,,501,305,283,296,346,483,406,444,563
NSW,Berowra,Hornsby BEROWRA PPVC,58578,413,382,342,380,412,464,404,383,394,507,479,578,620,874
NSW,Berowra,Pennant Hills BEROWRA PPVC,83678,,,,,,190,174,119,130,127,218,180,217,276
NSW,Berowra,Sydney BEROWRA PPVC,97607,9,15,15,21,25,10,17,17,17,26,3,36,45,62
NSW,Berowra,West Ryde BEROWRA PPVC,65184,,,,,,2,4,1,6,7,12,5,13,10
NSW,Blaxland,Auburn BLAXLAND PPVC,65744,,,,,,370,298,332,331,413,534,616,766,928
NSW,Blaxland,Bankstown BLAXLAND PPVC,33854,437,467,570,621,618,737,739,698,674,831,905,1037,1177,1342
NSW,Blaxland,Fairfield BLAXLAND PPVC,65264,44,27,35,45,43,44,35,26,25,55,49,47,65,69
NSW,Blaxland,Parramatta BLAXLAND PPVC,66017,53,40,43,53,38,60,49,36,49,35,45,52,64,66
NSW,Blaxland,Sydney BLAXLAND PPVC,97619,5,4,14,6,5,13,13,17,17,15,3,34,43,39
NSW,Bradfield,Central Sydney BRADFIELD PPVC,97589,12,4,8,12,14,17,10,17,11,10,15,18,17,22
NSW,Bradfield,Chatswood BRADFIELD PPVC,58723,197,124,104,140,131,174,150,141,198,214,246,254,269,298
NSW,Bradfield,Gordon PPVC,33948,231,167,170,153,167,139,110,103,109,169,256,214,223,311
NSW,Bradfield,Hornsby BRADFIELD PPVC,65110,247,203,193,210,243,291,225,233,220,275,369,332,357,450
NSW,Bradfield,Pennant Hills BRADFIELD PPVC,83679,,,,,,32,30,23,33,61,75,54,57,85
NSW,Bradfield,St Ives PPVC,83553,,,,,,604,411,399,374,498,579,507,610,752
NSW,Bradfield,Sydney BRADFIELD PPVC,97606,33,26,38,25,21,37,43,29,37,37,10,74,86,130
NSW,Calare,Bathurst PPVC,33861,555,575,615,595,483,668,699,731,748,826,704,1124,1271,1605
NSW,Calare,Divisional Office (PREPOLL),30100,1,,,,,,,,,,,,,
NSW,Calare,Dubbo CALARE PPVC,83546,24,15,27,22,25,22,15,39,17,50,50,59,58,97
NSW,Calare,Lithgow PPVC,33864,,,,,,544,615,481,589,512,283,591,711,696
NSW,Calare,Mudgee PPVC,33888,,,,,,733,597,588,613,591,527,696,834,1019
NSW,Calare,Orange PPVC,33863,341,462,469,481,406,612,623,580,706,738,645,1170,1219,1590
NSW,Chifley,Blacktown CHIFLEY PPVC,58585,432,452,491,567,466,699,541,540,602,653,614,799,863,1055
NSW,Chifley,Divisional Office (PREPOLL),30102,16,9,5,6,7,4,6,2,3,8,,15,8,12
NSW,Chifley,Mount Druitt CHIFLEY PPVC,33976,359,366,410,468,460,729,654,634,657,834,973,1128,1196,1504
NSW,Cook,Central Sydney COOK PPVC,97578,7,5,2,6,8,4,4,6,10,10,4,13,23,24
NSW,Cook,Engadine COOK PPVC,33875,7,13,7,7,7,13,10,18,11,24,20,28,28,23
NSW,Cook,Hurstville COOK PPVC,82538,49,62,55,54,28,48,40,75,75,77,78,109,107,135
NSW,Cook,Miranda COOK PPVC,33960,640,595,562,543,614,860,774,839,822,914,1000,1354,1414,1811
NSW,Cook,Rockdale COOK PPVC,82542,70,80,67,60,71,103,69,84,103,89,105,159,164,222
NSW,Cowper,Coffs Harbour COWPER PPVC,33739,,1044,915,936,910,1010,912,969,895,1002,813,1125,1217,1444
NSW,Cowper,Divisional Office (PREPOLL),30104,3,7,6,8,6,4,2,4,1,4,,5,4,6
NSW,Cowper,Kempsey PPVC,33678,308,347,404,444,462,481,449,454,420,670,395,611,664,769
NSW,Cowper,Nambucca Heads PPVC,33737,,,,,,,,,,,,896,897,895
NSW,Cowper,Port Macquarie COWPER PPVC,33677,,,1287,1044,1146,1086,1087,974,1079,1177,808,1310,1358,1453
NSW,Cunningham,Central Sydney CUNNINGHAM PPVC,97579,6,7,,6,4,6,6,5,5,2,6,5,10,13
NSW,Cunningham,Corrimal PPVC,83621,,,,,,994,773,699,680,904,767,961,1052,1353
NSW,Cunningham,Dapto CUNNINGHAM PPVC,65820,,,,,,210,169,150,152,184,159,214,240,292
NSW,Cunningham,Divisional Office (PREPOLL),30105,7,5,7,7,4,10,4,2,,2,,8,10,8
NSW,Cunningham,Warilla CUNNINGHAM PPVC,83645,27,33,31,41,39,38,32,26,39,59,38,64,68,78
NSW,Cunningham,Wollongong CUNNINGHAM PPVC,34033,709,612,615,735,747,887,727,639,665,878,740,939,1086,1404
NSW,Dobell,Charmhaven DOBELL PPVC,33778,,,,,,672,491,452,446,579,465,679,736,908
NSW,Dobell,Gosford DOBELL PPVC,58711,200,201,226,207,214,263,225,204,237,272,224,315,364,385
NSW,Dobell,The Entrance PPVC,34247,,,,,,1128,1018,821,911,948,691,1001,1137,1247
NSW,Dobell,Tuggerah PPVC,33814,493,472,549,498,593,499,463,535,441,485,524,650,786,990
NSW,Eden-Monaro,Bega PPVC,33920,,,,,,379,315,299,298,355,210,356,393,491
NSW,Eden-Monaro,Cooma PPVC,33921,,,,,,446,316,376,372,415,314,430,500,478
NSW,Eden-Monaro,Divisional Office (PREPOLL),30108,4,3,,3,2,3,2,2,2,1,,1,6,6
NSW,Eden-Monaro,Jindabyne PPVC,33922,,,,,,81,74,76,74,133,100,124,158,187
NSW,Eden-Monaro,Merimbula PPVC,33923,,,,,,442,332,275,243,331,212,292,357,418
NSW,Eden-Monaro,Narooma PPVC,33924,,,,,,404,309,309,327,335,242,295,302,398
NSW,Eden-Monaro,Queanbeyan PPVC,33925,489,465,479,516,519,741,580,552,675,704,1059,971,1153,1451
NSW,Eden-Monaro,Tumut PPVC,65490,,,,,,330,375,352,349,406,265,378,407,418
NSW,Eden-Monaro,Yass PPVC,46471,,,,,,288,213,208,246,311,295,302,406,448
NSW,Farrer,Albury FARRER PPVC,34273,554,584,615,599,693,710,658,684,794,910,796,1166,1201,1478
NSW,Farrer,Corowa PPVC,83620,,,,,,,,,,,334,434,385,450
NSW,Farrer,Deniliquin PPVC,33879,,,,,,,,,,,515,537,658,615
NSW,Farrer,Echuca FARRER PPVC,65218,,,,,,232,176,215,215,196,108,202,217,251
NSW,Farrer,Griffith Central PPVC,58769,,,,,,,,,,,,1,,
NSW,Farrer,Griffith PPVC,33855,,,,,,,,,,,749,737,924,1059
NSW,Farrer,Leeton PPVC,83619,,,,,,,,,,,215,238,285,262
NSW,Farrer,Mildura FARRER PPVC,65225,35,25,43,35,32,47,35,36,43,53,42,64,60,100
NSW,Farrer,Narrandera PPVC,33858,,,,,,,,,,,174,276,289,300
NSW,Fowler,Fairfield FOWLER PPVC,58661,423,447,595,577,536,864,810,735,869,886,843,1182,1302,1315
NSW,Fowler,Hinchinbrook FOWLER PPVC,65206,33,26,48,32,39,53,32,38,40,46,71,95,102,148
NSW,Fowler,Liverpool FOWLER PPVC,58778,290,334,342,361,335,460,413,390,435,512,566,632,726,820
NSW,Fowler,Wetherill Park FOWLER PPVC,83928,,,,,,262,226,220,275,314,360,429,456,512
NSW,Gilmore,Batemans Bay PPVC,33919,,,,,,962,740,691,700,754,559,854,840,1080
NSW,Gilmore,Kiama PPVC,33746,,,,,,675,532,421,466,529,379,660,640,811
NSW,Gilmore,Nowra PPVC,34039,788,963,909,912,1030,1091,870,810,906,1057,703,1234,1392,1614
NSW,Gilmore,Ulladulla PPVC,33747,,,,,,996,974,810,800,883,589,910,987,1004
NSW,Gilmore,Vincentia PPVC,83547,,,,,,386,242,273,279,309,216,315,370,455
NSW,Grayndler,Ashfield GRAYNDLER PPVC,33893,,,,,,399,329,297,303,178,234,207,236,283
NSW,Grayndler,Central Sydney GRAYNDLER PPVC,97567,37,33,36,31,34,27,38,36,27,30,15,39,51,92
NSW,Grayndler,Glebe GRAYNDLER PPVC,97593,,,,,,,,,,,,91,102,149
NSW,Grayndler,Haymarket GRAYNDLER PPVC,65692,55,49,35,38,37,62,52,49,36,63,31,97,82,153
NSW,Grayndler,Leichhardt GRAYNDLER PPVC,83882,,,,,,650,419,446,469,583,741,758,787,1020
NSW,Grayndler,Marrickville GRAYNDLER PPVC,33898,380,356,373,363,346,381,346,341,348,434,622,568,600,821
NSW,Grayndler,Newtown GRAYNDLER PPVC,97560,,,,,,126,136,103,111,120,304,179,247,274
NSW,Grayndler,Sydney GRAYNDLER PPVC,65174,64,45,52,41,42,69,61,63,56,56,29,112,135,199
NSW,Greenway,Baulkham Hills GREENWAY PPVC,65240,43,37,33,44,52,51,46,42,43,65,71,57,78,65
NSW,Greenway,Blacktown GREENWAY PPVC,33913,551,513,556,596,500,780,661,618,572,765,726,923,1058,1258
NSW,Greenway,Divisional Office (PREPOLL),30113,1,,,,,,1,,,,,,,2
NSW,Greenway,Parramatta GREENWAY PPVC,65196,25,25,42,50,35,51,42,49,44,49,42,81,78,118
NSW,Greenway,The Ponds GREENWAY PPVC,83659,,,,,,,,,,,1181,1598,2144,2328
NSW,Hughes,Central Sydney HUGHES PPVC,97577,5,6,16,6,3,9,10,11,12,5,3,14,18,30
NSW,Hughes,Engadine HUGHES PPVC,58665,354,320,361,364,367,424,372,361,403,539,502,665,717,856
NSW,Hughes,Liverpool HUGHES PPVC,80821,30,35,41,28,32,47,21,32,28,24,33,37,41,50
NSW,Hughes,Miranda HUGHES PPVC,64729,245,245,189,260,272,392,333,283,337,389,454,516,569,699
NSW,Hughes,Wattle Grove PPVC,83612,,,,,,522,324,351,317,411,560,479,552,583
NSW,Hume,Bowral HUME PPVC,65165,,,,,,194,196,158,167,180,164,223,245,303
NSW,Hume,Camden HUME PPVC,65167,417,391,449,387,496,625,529,574,593,697,758,1047,1261,1515
NSW,Hume,Divisional Office (PREPOLL),30116,13,20,8,14,4,12,14,3,4,14,,9,22,13
NSW,Hume,Goulburn PPVC,33866,318,335,399,385,475,524,492,507,490,619,680,878,930,1136
NSW,Hunter,Cessnock HUNTER PPVC,33974,,,,,,719,690,598,578,607,393,807,820,990
NSW,Hunter,Charlestown HUNTER PPVC,65194,137,83,79,51,64,28,20,32,29,27,44,43,36,58
NSW,Hunter,Cooranbong PPVC,33899,,,,,,,,,,,,1503,1314,1456
NSW,Hunter,East Maitland HUNTER PPVC,80964,24,22,18,19,31,15,14,14,11,25,25,20,28,35
NSW,Hunter,Edgeworth HUNTER PPVC,83657,,,,,,329,181,147,121,206,189,262,285,392
NSW,Hunter,Muswellbrook HUNTER PPVC,33977,,,,,,308,334,299,376,369,250,453,493,661
NSW,Hunter,Rutherford HUNTER PPVC,83693,11,18,20,24,34,21,38,21,23,28,34,35,49,56
NSW,Hunter,Singleton PPVC,33975,180,201,259,350,423,383,363,406,382,508,321,612,627,913
NSW,Hunter,Toronto PPVC,33900,,,,,,913,720,575,587,659,434,776,762,744
NSW,Kingsford Smith,Central Sydney KINGSFORD SMITH PPVC,97568,24,20,17,13,26,13,13,17,21,19,14,38,39,61
NSW,Kingsford Smith,Eastlakes KINGSFORD SMITH PPVC,82790,233,243,265,310,285,388,290,305,293,379,521,502,535,714
NSW,Kingsford Smith,Glebe KINGSFORD SMITH PPVC,97594,,,,,,,,,,,,6,4,8
NSW,Kingsford Smith,Haymarket KINGSFORD SMITH PPVC,65693,15,34,22,20,23,46,33,29,26,45,35,62,87,99
NSW,Kingsford Smith,Maroubra PPVC,83779,,,,,,938,720,590,625,798,827,923,1009,1296
NSW,Kingsford Smith,Randwick KINGSFORD SMITH PPVC,34029,425,329,365,403,423,442,434,407,386,478,544,654,687,917
NSW,Kingsford Smith,Sydney KINGSFORD SMITH PPVC,65182,22,23,26,23,18,44,34,42,42,42,14,64,104,139
NSW,Kingsford Smith,Waverley KINGSFORD SMITH PPVC,65270,19,16,8,12,12,22,8,15,25,21,22,25,42,40
NSW,Lindsay,Divisional Office (PREPOLL),30119,19,20,10,15,13,18,18,23,15,16,,28,19,24
NSW,Lindsay,Emu Plains LINDSAY PPVC,97410,,,,,,,,,,,195,185,184,267
NSW,Lindsay,Mount Druitt LINDSAY PPVC,65187,52,38,31,54,45,71,52,51,71,83,90,119,172,183
NSW,Lindsay,Penrith LINDSAY PPVC,33841,751,785,820,982,876,1244,1096,1076,1322,1449,1450,1815,1959,2373
NSW,Lyne,Camden Haven PPVC,83501,,,,,,,,,,,601,724,713,697
NSW,Lyne,Divisional Office (PREPOLL),30121,,,1,,,,,,,,,,,
NSW,Lyne,East Maitland LYNE PPVC,81035,91,86,87,81,90,104,89,95,88,148,130,155,200,220
NSW,Lyne,Forster-Tuncurry PPVC,33892,,,,,,1101,1120,1039,948,1068,492,1036,1122,1149
NSW,Lyne,Port Macquarie LYNE PPVC,82524,,,224,203,194,199,196,158,188,184,118,158,152,219
NSW,Lyne,Raymond Terrace LYNE PPVC,81033,,,,,,157,141,134,166,159,107,195,224,273
NSW,Lyne,Taree PPVC,33679,635,709,720,682,725,671,719,660,637,733,498,878,954,1047
NSW,Lyne,Wauchope PPVC,83500,,,,,,,,,,,415,601,545,616
NSW,Macarthur,Camden MACARTHUR PPVC,33979,38,56,49,65,57,102,102,98,79,157,149,210,207,231
NSW,Macarthur,Campbelltown MACARTHUR PPVC,33980,419,426,469,450,524,714,702,647,701,894,724,1273,1319,1546
NSW,Macarthur,Divisional Office (PREPOLL),30122,1,1,4,,1,6,2,1,2,8,,5,11,4
NSW,Macarthur,Ingleburn MACARTHUR PPVC,33816,,,,,,530,468,413,425,553,484,567,670,817
NSW,Macarthur,Oran Park PPVC,83806,71,67,65,54,118,135,107,105,101,152,318,315,302,553
NSW,Mackellar,Chatswood MACKELLAR PPVC,65235,17,10,10,10,7,12,13,6,12,7,17,22,23,20
NSW,Mackellar,Frenchs Forest MACKELLAR PPVC,83949,,,,,,242,166,129,146,186,225,248,299,346
NSW,Mackellar,Manly MACKELLAR PPVC,65234,226,182,217,229,235,304,252,263,275,342,350,498,476,633
NSW,Mackellar,Mona Vale PPVC,33701,512,539,516,481,550,713,617,589,698,882,772,1098,1180,1517
NSW,Mackellar,Sydney MACKELLAR PPVC,97608,14,10,20,21,5,17,16,15,14,16,6,34,52,70
NSW,Macquarie,Divisional Office (PREPOLL),30124,,8,6,5,,2,6,,1,,,4,,6
NSW,Macquarie,Emu Plains MACQUARIE PPVC,97409,,,,,,,,,,,98,121,92,140
NSW,Macquarie,Katoomba PPVC,34037,341,310,318,333,366,399,337,337,375,442,351,539,532,708
NSW,Macquarie,Penrith MACQUARIE PPVC,65193,54,40,45,50,45,53,69,40,53,69,50,90,79,119
NSW,Macquarie,Richmond PPVC,47782,281,279,305,319,327,436,405,427,433,510,343,522,667,791
NSW,Macquarie,Springwood PPVC,34038,301,260,279,299,380,377,373,336,429,559,463,686,647,823
NSW,Macquarie,Windsor PPVC,97408,,,,,,,,,,,591,683,736,778
NSW,McMahon,Divisional Office (PREPOLL),57628,3,2,7,8,3,2,3,11,2,16,,9,9,11
NSW,McMahon,Fairfield MCMAHON PPVC,46744,608,742,864,817,733,868,813,733,961,1022,866,963,1036,926
NSW,McMahon,Mount Druitt MCMAHON PPVC,65208,57,47,64,70,66,101,96,63,64,114,143,150,176,209
NSW,McMahon,Parramatta MCMAHON PPVC,65209,68,82,73,60,84,130,96,128,107,122,146,157,207,264
NSW,McMahon,Wetherill Park MCMAHON PPVC,83872,,,,,,420,386,418,532,572,604,681,747,813
NSW,Mitchell,Baulkham Hills MITCHELL PPVC,33905,495,561,511,565,535,837,693,676,672,993,1007,1207,1273,1570
NSW,Mitchell,Parramatta MITCHELL PPVC,65239,41,57,47,48,48,53,45,55,62,62,67,80,88,144
NSW,Mitchell,The Ponds MITCHELL PPVC,83958,,,,,,,,,,,233,239,365,401
NSW,New England,Armidale PPVC,33752,304,409,408,496,535,517,522,498,551,627,425,743,809,930
NSW,New England,Divisional Office (PREPOLL),30126,9,,,,,2,,2,,,,,2,1
NSW,New England,Glen Innes PPVC,83197,,,,,,,,,,,,632,569,563
NSW,New England,Inverell PPVC,33754,,,,,,,,,,,,1201,1300,1272
NSW,New England,Muswellbrook NEW ENGLAND PPVC,81302,,,,,,122,90,86,84,88,78,156,171,265
NSW,New England,Tamworth PPVC,33755,,,,862,901,999,1156,1034,1078,1272,965,1379,1436,1681
NSW,New England,Tenterfield PPVC,65440,,,,,,,,,,,,385,393,450
NSW,Newcastle,Charlestown NEWCASTLE PPVC,65201,156,132,105,122,155,149,125,96,108,173,189,231,246,302
NSW,Newcastle,Divisional Office (PREPOLL),30127,2,,1,1,1,1,2,,,,,,,
NSW,Newcastle,Newcastle NEWCASTLE PPVC,33789,555,564,585,515,613,668,646,555,640,754,735,1072,1228,1620
NSW,Newcastle,Wallsend PPVC,83436,,,,,,969,810,771,735,710,688,1058,1111,1346
NSW,North Sydney,Central Sydney NORTH SYDNEY PPVC,97584,18,17,15,13,18,21,17,21,18,26,13,32,37,45
NSW,North Sydney,Chatswood NORTH SYDNEY PPVC,47807,319,248,243,277,310,368,315,261,287,359,524,485,515,676
NSW,North Sydney,Crows Nest NORTH SYDNEY PPVC,33967,469,132,303,94,455,513,401,386,357,555,854,754,687,812
NSW,North Sydney,Divisional Office (PREPOLL),30128,23,22,30,29,25,18,35,27,17,15,,37,11,42
NSW,North Sydney,Mosman NORTH SYDNEY PPVC,81384,63,39,27,22,30,19,26,34,19,38,36,35,45,53
NSW,North Sydney,Sydney NORTH SYDNEY PPVC,66054,73,64,63,63,57,69,86,77,100,100,33,172,214,250
NSW,North Sydney,Willoughby PPVC,83648,,,,,,241,169,181,137,193,331,227,290,370
NSW,Page,Ballina PAGE PPVC,33751,,,,,,254,229,231,242,209,120,268,254,287
NSW,Page,Casino PPVC,33743,,,,,,,,,,,768,1067,1177,1247
NSW,Page,Coffs Harbour PAGE PPVC,81428,,213,195,224,187,203,204,210,238,259,194,289,301,399
NSW,Page,Grafton PPVC,33741,422,448,541,539,507,556,514,511,579,635,343,736,772,865
NSW,Page,Lismore PPVC,33742,,,,,,1113,1168,1114,1189,1312,785,1332,1407,1589
NSW,Page,Maclean PPVC,65226,,,,,,,,,,,480,780,789,838
NSW,Parkes,Bourke PPVC,46577,,,,,,,,,,,,,,239
NSW,Parkes,Broken Hill PPVC,33950,,,,,,560,463,502,451,571,357,655,649,780
NSW,Parkes,Cobar PPVC,33953,,,,,,,,,,,,388,323,327
NSW,Parkes,Divisional Office (PREPOLL),30130,,,,2,,,,,,,,,,
NSW,Parkes,Dubbo PARKES PPVC,33951,393,555,563,624,550,759,754,697,825,901,713,1190,1378,1601
NSW,Parkes,Gunnedah PPVC,33884,,,,,,,,,,,325,770,770,849
NSW,Parkes,Moree PPVC,33887,,,,,,,,,,,,438,487,500
NSW,Parkes,Narrabri PPVC,46523,,,,,,,,,,,,483,646,692
NSW,Parramatta,Central Sydney PARRAMATTA PPVC,97576,6,11,15,8,27,18,24,12,10,24,13,36,22,45
NSW,Parramatta,Divisional Office (PREPOLL),30131,65,67,48,70,71,65,75,58,88,68,1,94,178,213
NSW,Parramatta,Parramatta PARRAMATTA PPVC,33868,596,573,618,598,612,823,831,754,816,1032,1195,1283,1483,1975
NSW,Parramatta,Sydney PARRAMATTA PPVC,97611,18,10,6,15,9,15,13,16,29,20,7,45,34,56
NSW,Parramatta,West Ryde PARRAMATTA PPVC,65195,,,,,,37,30,29,25,38,57,54,42,72
NSW,Paterson,Cessnock PATERSON PPVC,81692,,,,,,39,35,32,26,42,21,39,34,54
NSW,Paterson,Divisional Office (PREPOLL),30400,,4,3,,1,,2,2,,,,1,,
NSW,Paterson,East Maitland PATERSON PPVC,58670,570,620,695,611,606,769,680,641,615,851,777,1093,1169,1383
NSW,Paterson,Kurri Kurri PPVC,33973,,,,,,596,501,422,470,495,345,507,622,735
NSW,Paterson,Nelson Bay PPVC,33891,,,,,,1092,875,711,752,820,517,929,1072,824
NSW,Paterson,Raymond Terrace PATERSON PPVC,33890,,,,,,618,524,430,547,549,396,674,755,888
NSW,Paterson,Rutherford PATERSON PPVC,83694,298,443,416,435,535,507,359,421,388,494,445,579,588,728
NSW,Reid,Ashfield REID PPVC,65245,,,,,,254,230,213,208,127,152,166,196,315
NSW,Reid,Auburn REID PPVC,65746,,,,,,85,38,47,67,80,120,102,144,166
NSW,Reid,Central Sydney REID PPVC,97583,48,24,22,29,27,40,32,28,37,40,21,50,63,93
NSW,Reid,Concord REID PPVC,34043,549,442,436,375,420,600,471,476,411,600,765,846,950,1275
NSW,Reid,Sydney REID PPVC,65246,42,32,34,42,19,53,49,35,43,55,18,106,124,147
NSW,Richmond,Ballina RICHMOND PPVC,65236,,,,,,1176,1032,1010,965,1000,608,1053,1216,1302
NSW,Richmond,Byron Bay PPVC,33760,,,,,,324,261,259,281,295,125,412,474,657
NSW,Richmond,Casuarina PPVC,83279,,,,,,304,243,180,187,204,198,272,298,306
NSW,Richmond,Divisional Office (PREPOLL),30136,26,19,14,10,16,13,16,10,5,10,,9,13,10
NSW,Richmond,Murwillumbah PPVC,33762,,,,,,694,568,579,585,567,353,543,631,739
NSW,Richmond,Tweed Heads RICHMOND PPVC,33761,792,916,887,982,1000,947,727,664,674,641,418,779,753,843
NSW,Richmond,Tweed Heads South PPVC,65963,,,,,,660,557,605,666,761,594,869,1002,1030
NSW,Riverina,Cootamundra PPVC,58572,,,,,,,,,,,439,613,566,589
NSW,Riverina,Cowra PPVC,33867,,,,,,,,,,,599,577,605,611
NSW,Riverina,Divisional Office (PREPOLL),30401,,,,,,,,,,,,,6,2
NSW,Riverina,Forbes PPVC,65498,,,,,,,,,,,259,261,309,399
NSW,Riverina,Parkes PPVC,33952,,,,,,,,,,,413,420,393,471
NSW,Riverina,Wagga Wagga PPVC,33860,518,706,664,758,776,815,784,762,955,1122,1038,1283,1516,1802
NSW,Riverina,Wyalong PPVC,33954,,,,,,,,,,,124,129,172,244
NSW,Riverina,Young PPVC,36439,,,,,,,,,,,658,827,881,894
NSW,Robertson,Divisional Office (PREPOLL),30137,,2,3,,,,,2,,,,,,4
NSW,Robertson,Gosford ROBERTSON PPVC,31134,731,774,696,675,738,751,680,595,646,758,600,942,938,1184
NSW,Robertson,Kincumber PPVC,83862,,,,,,735,548,501,574,642,634,779,831,1024
NSW,Robertson,Woy Woy PPVC,31708,,,,,,1528,1530,1304,1176,1199,798,1163,1185,1348
NSW,Shortland,Belmont PPVC,83453,,,,,,726,665,620,541,626,461,736,738,949
NSW,Shortland,Charlestown SHORTLAND PPVC,46502,603,578,600,598,655,668,506,546,511,620,503,877,916,1144
NSW,Shortland,Charmhaven SHORTLAND PPVC,58671,,,,,,389,269,237,252,271,203,411,410,459
NSW,Shortland,Divisional Office (PREPOLL),30139,8,2,1,4,2,3,5,1,,3,,4,3,3
NSW,Shortland,Edgeworth SHORTLAND PPVC,82110,,,,,,33,39,21,19,45,39,42,78,59
NSW,Shortland,Newcastle SHORTLAND PPVC,65202,22,37,27,25,29,35,32,28,33,26,25,68,80,91
NSW,Sydney,Central Sydney SYDNEY PPVC,97566,303,249,256,225,269,317,283,294,279,357,373,450,483,662
NSW,Sydney,Eastlakes SYDNEY PPVC,97564,46,50,72,53,55,73,81,84,77,115,201,145,141,192
NSW,Sydney,Glebe SYDNEY PPVC,97595,,,,,,,,,,,,375,315,403
NSW,Sydney,Haymarket SYDNEY PPVC,46533,422,440,477,439,425,610,642,664,674,796,500,1138,1376,1690
NSW,Sydney,Kings Cross SYDNEY PPVC,97562,,,,,,185,143,126,155,139,241,168,198,256
NSW,Sydney,Leichhardt SYDNEY PPVC,83883,,,,,,47,33,41,21,44,62,49,61,68
NSW,Sydney,Marrickville SYDNEY PPVC,65248,57,26,36,37,41,29,37,42,25,35,69,63,52,77
NSW,Sydney,Newtown SYDNEY PPVC,97561,,,,,,80,65,75,67,105,223,120,162,213
NSW,Sydney,Paddington SYDNEY PPVC,97540,51,40,41,29,35,34,48,32,38,56,91,65,68,122
NSW,Sydney,Sydney SYDNEY PPVC,33970,266,249,205,226,188,311,305,277,343,355,173,660,762,982
NSW,Warringah,Central Sydney WARRINGAH PPVC,97582,5,7,7,3,7,5,7,6,10,9,3,16,22,21
NSW,Warringah,Chatswood WARRINGAH PPVC,65198,28,7,28,8,13,8,14,12,13,20,20,22,23,25
NSW,Warringah,Crows Nest WARRINGAH PPVC,65197,29,12,18,6,29,30,25,20,21,33,40,50,50,74
NSW,Warringah,Divisional Office (PREPOLL),30142,185,252,222,207,233,280,237,240,247,270,,354,379,424
NSW,Warringah,Frenchs Forest WARRINGAH PPVC,83951,,,,,,94,46,30,59,62,92,71,72,120
NSW,Warringah,Manly WARRINGAH PPVC,33961,426,364,462,492,463,517,473,450,502,624,803,839,928,1088
NSW,Warringah,Mosman WARRINGAH PPVC,33965,525,239,212,258,281,296,248,272,235,262,314,340,388,473
NSW,Warringah,Sydney WARRINGAH PPVC,65199,49,57,56,52,31,63,83,65,58,80,5,126,170,189
NSW,Watson,Ashfield WATSON PPVC,66019,,,,,,516,446,439,470,310,327,401,465,593
NSW,Watson,Auburn WATSON PPVC,82402,,,,,,27,19,7,13,28,43,38,24,42
NSW,Watson,Bankstown WATSON PPVC,58679,151,177,185,199,217,318,269,258,249,344,405,434,479,593
NSW,Watson,Belmore WATSON PPVC,58680,311,281,365,371,394,615,442,465,574,580,671,818,951,1141
NSW,Watson,Central Sydney WATSON PPVC,97575,11,11,20,26,15,14,17,15,13,24,10,31,28,47
NSW,Watson,Concord WATSON PPVC,65265,30,19,19,27,17,15,11,14,13,23,24,33,37,47
NSW,Watson,Sydney WATSON PPVC,97612,13,10,20,15,15,20,19,19,20,16,5,32,42,68
NSW,Wentworth,Central Sydney WENTWORTH PPVC,97569,11,18,14,11,9,16,8,10,10,12,8,19,23,39
NSW,Wentworth,Glebe WENTWORTH PPVC,97596,,,,,,,,,,,,7,4,8
NSW,Wentworth,Haymarket WENTWORTH PPVC,65694,29,32,21,37,26,47,29,26,34,38,12,48,79,93
NSW,Wentworth,Kings Cross WENTWORTH PPVC,97563,,,,,,186,133,151,131,164,284,169,222,235
NSW,Wentworth,Paddington WENTWORTH PPVC,89903,281,264,249,232,169,214,222,222,221,255,439,335,335,469
NSW,Wentworth,Randwick WENTWORTH PPVC,65251,61,50,68,84,68,72,69,69,80,83,130,106,105,153
NSW,Wentworth,Rose Bay PPVC,89902,,,,,,277,163,198,151,207,327,289,290,413
NSW,Wentworth,Sydney WENTWORTH PPVC,64586,53,40,55,49,45,89,59,70,69,55,12,143,193,264
NSW,Wentworth,Waverley WENTWORTH PPVC,33957,528,507,490,434,394,638,557,604,578,661,738,788,838,1156
NSW,Werriwa,Campbelltown WERRIWA PPVC,58730,15,27,17,26,40,29,14,26,16,14,30,34,55,39
NSW,Werriwa,Divisional Office (PREPOLL),30144,,1,4,3,3,,,1,,1,,,,1
NSW,Werriwa,Fairfield WERRIWA PPVC,82436,74,51,63,74,61,96,83,86,81,106,81,102,136,120
NSW,Werriwa,Hinchinbrook WERRIWA PPVC,66005,232,242,281,282,362,552,371,414,445,618,815,965,1100,1488
NSW,Werriwa,Ingleburn WERRIWA PPVC,82485,,,,,,328,246,224,267,327,367,377,430,518
NSW,Werriwa,Liverpool WERRIWA PPVC,58739,160,186,227,228,254,309,340,285,336,393,322,458,545,601
NSW,Whitlam,Bowral WHITLAM PPVC,33862,,,,,,1147,892,734,713,758,602,841,975,1090
NSW,Whitlam,Dapto WHITLAM PPVC,38319,,,,,,985,871,743,758,950,721,1132,1159,1381
NSW,Whitlam,Warilla WHITLAM PPVC,58798,575,513,640,691,705,898,720,782,831,1040,848,1328,1491,1673
NSW,Whitlam,Wollongong WHITLAM PPVC,58667,65,83,57,66,56,69,60,57,73,75,70,110,112,136
NT,Lingiari,Alice Springs PPVC,65681,497,422,371,463,446,325,575,458,468,553,454,638,633,754
NT,Lingiari,Casuarina LINGIARI PPVC,58672,,,,,,20,39,44,53,37,40,48,47,58
NT,Lingiari,Coolalinga PPVC,65748,,,,,,304,394,329,371,432,483,404,408,501
NT,Lingiari,Darwin LINGIARI PPVC,58673,65,41,42,58,49,18,35,47,58,68,28,46,50,60
NT,Lingiari,Katherine PPVC,34179,,,,,,260,336,272,255,332,390,361,323,339
NT,Lingiari,Palmerston LINGIARI PPVC,58674,,,,,,108,119,91,123,127,193,161,185,221
NT,Solomon,Casuarina SOLOMON PPVC,34248,,,,,,580,730,664,627,682,674,827,931,1146
NT,Solomon,Darwin SOLOMON PPVC,34139,562,466,394,401,499,313,440,430,436,515,591,643,685,905
NT,Solomon,Divisional Office (PREPOLL),34135,,1,,,,,,,1,,,,,
NT,Solomon,Palmerston SOLOMON PPVC,34249,,,,,,441,421,410,417,409,604,573,562,736
QLD,Blair,Divisional Office (PREPOLL),32685,50,47,39,49,53,6,57,58,44,80,,81,91,109
QLD,Blair,Ipswich BLAIR PPVC,47733,535,607,546,497,585,229,660,657,646,844,550,1067,1148,1160
QLD,Blair,Ipswich South PPVC,65808,330,362,314,319,405,257,388,418,400,577,547,693,729,895
QLD,Blair,Springfield Central BLAIR PPVC,83236,,,,,,153,143,112,106,197,226,232,231,305
QLD,Bonner,Brisbane BONNER PPVC,65730,22,34,25,28,21,4,15,15,21,26,,22,36,41
QLD,Bonner,Brisbane City BONNER PPVC,58721,,,,,,10,111,136,123,164,68,167,214,297
QLD,Bonner,Capalaba BONNER PPVC,65825,,,,,,37,54,38,48,61,123,76,90,129
QLD,Bonner,Coorparoo BONNER PPVC,60350,69,86,68,61,94,63,90,90,100,141,,186,196,217
QLD,Bonner,Divisional Office (PREPOLL),37186,,1,1,2,1,1,,,1,1,,1,,
QLD,Bonner,Mansfield BONNER PPVC,83025,364,356,292,340,411,398,407,400,389,621,,795,773,891
QLD,Bonner,Rocklea BONNER PPVC,66002,4,10,13,5,7,3,5,11,8,8,24,29,17,24
QLD,Bonner,Springwood BONNER PPVC,65826,,,,,,24,18,13,14,25,54,29,41,31
QLD,Bonner,Wynnum PPVC,58784,740,685,690,609,769,334,762,825,755,1012,730,1131,1091,1424
QLD,Bowman,Brisbane BOWMAN PPVC,97482,7,15,10,7,14,3,7,5,6,12,,14,9,14
QLD,Bowman,Brisbane City BOWMAN PPVC,97483,,,,,,7,31,49,33,39,13,47,81,80
QLD,Bowman,Capalaba BOWMAN PPVC,65800,,,,,,549,858,817,774,836,724,1013,1022,1279
QLD,Bowman,Cleveland PPVC,46596,958,1067,1083,1026,1102,438,957,735,765,875,617,1100,1119,1255
QLD,Bowman,Victoria Point PPVC,65116,,,,,,820,1172,1113,1076,1191,868,1214,1241,1391
QLD,Brisbane,Brisbane BRISBANE PPVC,65729,409,336,319,288,299,150,151,165,186,224,,308,351,462
QLD,Brisbane,Brisbane City BRISBANE PPVC,32606,,,,,,368,762,898,836,1015,791,1046,1278,1673
QLD,Brisbane,Chermside BRISBANE PPVC,65474,299,230,207,237,289,202,302,316,331,429,,661,595,798
QLD,Brisbane,Divisional Office (PREPOLL),30147,7,17,20,12,14,1,7,10,10,6,,4,12,7
QLD,Capricornia,Clermont PPVC,46722,,,,,,,,,,,,285,179,210
QLD,Capricornia,Divisional Office (PREPOLL),30148,4,12,7,4,3,,4,3,,6,,5,12,8
QLD,Capricornia,Mackay CAPRICORNIA PPVC,65738,167,227,205,234,274,123,274,324,344,412,312,562,480,522
QLD,Capricornia,Moranbah PPVC,46438,,,,,,,,,,,,480,485,516
QLD,Capricornia,Rockhampton CAPRICORNIA PPVC,32700,420,438,487,404,522,235,544,502,532,605,514,717,770,855
QLD,Capricornia,Rockhampton Northside PPVC,83285,318,361,368,378,471,221,442,401,384,585,,805,722,754
QLD,Capricornia,Sarina PPVC,46726,,,,,,,,,,,,656,570,525
QLD,Capricornia,Yeppoon PPVC,46728,,,871,728,883,641,827,753,750,737,606,845,821,851
QLD,Dawson,Ayr PPVC,46713,,,,,,309,509,480,492,603,,595,572,656
QLD,Dawson,Bowen PPVC,46715,,,,,,284,295,304,289,311,,417,334,421
QLD,Dawson,Hyde Park DAWSON PPVC,97495,110,178,182,151,150,71,158,182,206,141,153,239,240,260
QLD,Dawson,Mackay DAWSON PPVC,32661,704,849,967,825,1179,638,1327,1154,1319,1524,1265,1974,1872,2157
QLD,Dawson,Proserpine PPVC,46717,,,,,,349,545,475,465,587,,656,554,624
QLD,Dawson,Townsville DAWSON PPVC,58761,39,46,43,35,48,29,45,58,44,82,50,71,85,106
QLD,Dickson,Albany Creek DICKSON PPVC,83392,229,277,293,302,355,261,296,332,353,468,427,526,621,718
QLD,Dickson,Brisbane City DICKSON PPVC,97485,,,,,,8,62,99,78,101,19,93,127,166
QLD,Dickson,Brisbane DICKSON PPVC,97484,19,19,14,11,15,2,5,8,8,15,,17,26,38
QLD,Dickson,Chermside DICKSON PPVC,94522,27,29,37,31,34,18,32,34,41,53,,47,63,89
QLD,Dickson,Divisional Office (PREPOLL),30403,2,4,2,,2,,2,2,1,,,4,6,
QLD,Dickson,Everton Hills DICKSON PPVC,83388,186,164,197,133,233,171,252,186,209,289,304,379,384,490
QLD,Dickson,Kallangur DICKSON PPVC,83366,200,284,281,283,348,204,307,294,319,312,,409,437,536
QLD,Dickson,North Lakes DICKSON PPVC,64727,52,36,35,43,41,30,53,54,56,67,142,66,91,97
QLD,Dickson,Samford PPVC,60356,,,,,,159,186,215,202,254,,267,310,352
QLD,Dickson,Strathpine DICKSON PPVC,46594,517,571,612,628,713,368,732,666,683,800,676,960,937,1149
QLD,Fadden,Beenleigh FADDEN PPVC,58754,64,59,68,44,59,37,48,73,61,92,59,101,112,126
QLD,Fadden,Carrara FADDEN PPVC,83235,,,,,,19,20,23,22,28,23,39,51,53
QLD,Fadden,Northern Gold Coast FADDEN PPVC,47743,,,,,,1060,1168,973,927,1194,1164,1404,1395,1697
QLD,Fadden,Robina FADDEN PPVC,65575,29,21,35,31,31,15,25,14,16,26,33,42,32,66
QLD,Fadden,Runaway Bay FADDEN PPVC,46721,973,1000,862,1107,1024,473,957,1007,837,920,841,1273,1310,1435
QLD,Fadden,Southport FADDEN PPVC,58720,162,158,192,185,178,72,164,162,169,188,153,244,298,295
QLD,Fairfax,Buderim PPVC,47692,,,,,,827,757,784,814,928,,976,923,1051
QLD,Fairfax,Coolum Beach PPVC,32753,,,,,,649,718,648,594,717,,781,817,1009
QLD,Fairfax,Maroochydore FAIRFAX PPVC,38294,680,686,739,663,719,609,767,673,679,768,,1048,933,1092
QLD,Fairfax,Maroochydore North FAIRFAX PPVC,65652,477,431,475,388,512,137,377,335,333,365,,550,477,480
QLD,Fairfax,Nambour FAIRFAX PPVC,32754,,,,,,466,914,817,817,825,,1000,1090,1149
QLD,Fairfax,Tewantin FAIRFAX PPVC,65762,,,,,,23,43,64,74,93,111,123,97,157
QLD,Fairfax,Warana FAIRFAX PPVC,97467,,,,,,95,88,78,99,112,,130,146,189
QLD,Fisher,Beerwah PPVC,82824,,,,,,,,,,,,957,874,766
QLD,Fisher,Caloundra East PPVC,32835,,,,,,499,720,573,602,618,,802,646,702
QLD,Fisher,Caloundra West PPVC,82940,843,739,831,810,936,490,936,775,749,802,,1134,1016,1059
QLD,Fisher,Maleny PPVC,83229,,,,,,343,373,292,280,354,,354,311,381
QLD,Fisher,Maroochydore FISHER PPVC,58740,333,320,309,314,351,210,274,267,290,315,,457,396,438
QLD,Fisher,Maroochydore North FISHER PPVC,65653,101,89,111,76,119,23,72,51,52,41,,83,83,86
QLD,Fisher,Nambour FISHER PPVC,94582,,,,,,54,127,118,127,140,,165,221,191
QLD,Fisher,Warana FISHER PPVC,47798,,,,,,671,750,631,591,781,,810,874,953
QLD,Flynn,Agnes Water PPVC,58496,,,,,,83,173,122,100,143,,147,130,167
QLD,Flynn,Biloela PPVC,46687,,,,,,174,211,186,226,282,,387,327,382
QLD,Flynn,Blackwater PPVC,46698,,,,,,,,,,,,244,200,207
QLD,Flynn,Boyne Tannum PPVC,83256,,,,,,,,,,,343,271,238,312
QLD,Flynn,Bundaberg Central FLYNN PPVC,97433,48,71,58,56,72,14,54,64,67,62,25,69,67,57
QLD,Flynn,Bundaberg FLYNN PPVC,58726,75,103,128,134,141,41,151,153,130,181,91,151,170,206
QLD,Flynn,Bundaberg West FLYNN PPVC,97432,,,,,,8,24,14,34,29,28,30,29,43
QLD,Flynn,Divisional Office (PREPOLL),40206,3,2,2,1,2,,,,,,,,,
QLD,Flynn,Emerald PPVC,32926,,,,,,314,406,353,405,451,463,566,589,596
QLD,Flynn,Gayndah PPVC,46711,,,,,,,,,,,,216,174,230
QLD,Flynn,Gladstone PPVC,32711,897,916,915,1035,1063,370,1033,947,899,1158,687,1100,1097,1242
QLD,Flynn,Gracemere PPVC,83271,,,,,,,,,,,763,356,256,336
QLD,Flynn,Moura PPVC,65752,,,,,,,,,,,,83,79,72
QLD,Flynn,Rockhampton FLYNN PPVC,58892,100,116,89,100,143,51,147,131,128,159,88,162,171,199
QLD,Forde,Beenleigh FORDE PPVC,32715,641,656,674,603,760,420,695,610,585,755,603,823,1010,1056
QLD,Forde,Browns Plains FORDE PPVC,58863,,,,,,190,297,224,179,239,183,245,279,336
QLD,Forde,Loganholme FORDE PPVC,65794,,,,,,310,550,506,488,591,547,645,673,861
QLD,Forde,Northern Gold Coast FORDE PPVC,64578,,,,,,199,216,241,215,238,318,359,338,434
QLD,Forde,Springwood FORDE PPVC,65971,,,,,,23,46,37,31,44,47,59,66,93
QLD,Forde,Woodridge FORDE PPVC,58875,124,91,119,121,132,57,118,91,99,130,103,165,138,190
QLD,Griffith,Brisbane City GRIFFITH PPVC,65833,,,,,,97,342,385,391,453,255,443,523,696
QLD,Griffith,Brisbane GRIFFITH PPVC,65731,150,143,117,75,106,12,41,38,52,54,,81,95,135
QLD,Griffith,Coorparoo GRIFFITH PPVC,38269,565,499,488,490,610,503,599,674,699,939,,1347,1396,1979
QLD,Griffith,Divisional Office (PREPOLL),30154,1,4,2,3,5,,5,,,,,3,4,3
QLD,Griffith,Mansfield GRIFFITH PPVC,83046,46,34,30,37,45,36,44,66,57,68,,93,91,111
QLD,Griffith,West End PPVC,83944,,,,,,257,183,188,213,264,445,356,391,587
QLD,Groom,Divisional Office (PREPOLL),30155,49,48,40,45,65,9,44,35,39,34,,54,40,76
QLD,Groom,South Toowoomba PPVC,83245,,,,,,359,420,368,407,515,407,607,616,764
QLD,Groom,Toowoomba PPVC,32597,807,814,822,837,1168,438,1055,1095,1058,1275,836,1620,1641,2003
QLD,Herbert,Hyde Park HERBERT PPVC,97500,915,1189,1071,1114,1255,572,1282,1224,1414,1128,1332,1727,2029,2099
QLD,Herbert,TFT Range Control ADF HERBERT PPVC,97637,,,,,,,,,,,,,,54
QLD,Herbert,Townsville HERBERT PPVC,32703,308,341,257,282,335,157,373,303,337,554,358,624,585,721
QLD,Hinkler,Bargara PPVC,83356,,,,,,,,,,,398,359,369,334
QLD,Hinkler,Bundaberg Central HINKLER PPVC,66159,406,564,547,474,534,147,525,448,475,532,266,451,447,505
QLD,Hinkler,Bundaberg HINKLER PPVC,46484,528,627,720,685,782,355,859,788,775,857,551,891,862,940
QLD,Hinkler,Bundaberg West HINKLER PPVC,65207,,,,,,108,207,191,202,306,296,275,320,329
QLD,Hinkler,Childers PPVC,83359,,,,,,162,228,212,212,238,123,184,167,180
QLD,Hinkler,Hervey Bay PPVC,32692,,,,,,1323,1812,1579,1609,1690,976,1554,1572,1543
QLD,Hinkler,Hervey Bay South PPVC,82906,,,,,,853,982,796,762,669,458,609,590,643
QLD,Hinkler,Maryborough HINKLER PPVC,82908,84,113,86,77,104,7,48,58,55,46,33,46,70,85
QLD,Kennedy,Atherton PPVC,46720,,,,,,,,761,677,775,,815,760,910
QLD,Kennedy,Cairns CBD KENNEDY PPVC,97503,135,124,143,132,142,43,99,65,58,74,,81,67,109
QLD,Kennedy,Cairns KENNEDY PPVC,65107,,,,,,97,192,176,155,179,197,192,180,234
QLD,Kennedy,Cairns South KENNEDY PPVC,83294,,,,,,,,760,494,656,,660,692,798
QLD,Kennedy,Charters Towers PPVC,46677,,,,,,,,412,301,340,,360,382,379
QLD,Kennedy,Cloncurry PPVC,46679,,,,,,,,93,77,102,,103,113,137
QLD,Kennedy,Hughenden PPVC,46692,,,,,,,,83,50,69,,71,51,73
QLD,Kennedy,Hyde Park KENNEDY PPVC,82763,42,61,59,63,53,20,63,64,78,39,57,80,111,127
QLD,Kennedy,Ingham PPVC,46681,,,,,,,,514,309,453,,505,432,443
QLD,Kennedy,Innisfail PPVC,46683,,,,,,,,59,154,168,,377,305,458
QLD,Kennedy,Kennedy PPVC,82900,136,110,146,111,198,80,170,196,172,264,,437,412,349
QLD,Kennedy,Mareeba PPVC,46685,,,,,,,,675,550,658,,686,724,731
QLD,Kennedy,Normanton PPVC,46694,,,,,,,,102,72,102,,89,63,76
QLD,Kennedy,Tully PPVC,46689,,,,,,,,282,260,333,,326,287,335
QLD,Leichhardt,Cairns CBD LEICHHARDT PPVC,65163,794,762,782,675,947,285,719,599,574,703,,688,674,768
QLD,Leichhardt,Cairns LEICHHARDT PPVC,32675,,,,,,698,1435,1347,1358,1448,1257,1594,1551,1758
QLD,Leichhardt,Cairns South LEICHHARDT PPVC,97442,,,,,,,,246,223,247,,274,269,284
QLD,Leichhardt,Northern Beaches PPVC,83437,,,,,,,,,,,,1196,1029,1038
QLD,Leichhardt,Port Douglas PPVC,32676,,,,,,,,,,,,579,492,513
QLD,Leichhardt,Thursday Island PPVC,46646,,,,,,,,,,,,119,145,144
QLD,Leichhardt,Weipa PPVC,46649,,,,,,,,,,,,217,251,211
QLD,Lilley,Albany Creek LILLEY PPVC,83425,48,41,23,36,54,20,41,36,39,60,165,64,81,89
QLD,Lilley,Brisbane City LILLEY PPVC,58691,,,,,,20,172,157,182,213,60,200,287,328
QLD,Lilley,Brisbane LILLEY PPVC,65728,41,34,40,26,36,9,16,17,20,21,,33,33,43
QLD,Lilley,Chermside LILLEY PPVC,58700,630,534,568,545,690,472,700,666,662,846,,1153,1145,1453
QLD,Lilley,Divisional Office (PREPOLL),30160,1,1,,3,3,,1,,1,,,1,1,
QLD,Lilley,Everton Hills LILLEY PPVC,83423,44,44,52,41,58,41,68,66,60,94,180,122,110,142
QLD,Lilley,Northgate PPVC,83427,,,,,,275,251,239,271,394,,508,439,612
QLD,Lilley,Sandgate LILLEY PPVC,58692,,,,,,604,750,652,597,651,,743,773,798
QLD,Longman,Bribie Island PPVC,32666,,,,,,910,1116,1047,914,997,,1044,849,836
QLD,Longman,Burpengary PPVC,65878,,,,,,429,597,543,503,656,525,707,672,780
QLD,Longman,Caboolture PPVC,34119,559,595,603,570,652,270,736,628,597,821,,960,940,1003
QLD,Longman,Divisional Office (PREPOLL),31687,,8,3,4,4,,4,7,1,5,,3,5,3
QLD,Longman,Kallangur LONGMAN PPVC,83367,69,94,116,121,120,89,104,104,113,163,,167,154,184
QLD,Longman,Morayfield PPVC,83254,593,597,657,670,812,497,786,757,740,862,913,933,997,1097
QLD,Longman,North Lakes LONGMAN PPVC,64728,63,53,63,51,60,38,49,53,51,89,85,91,111,158
QLD,Maranoa,Blackall PPVC,46697,,,,,,,,,,,,209,145,115
QLD,Maranoa,Charleville PPVC,58598,,,,,,,,,,,,283,221,258
QLD,Maranoa,Chinchilla PPVC,47713,,,,,,,,,,,,340,351,351
QLD,Maranoa,Cunnamulla PPVC,58599,,,,,,,,,,,,147,74,108
QLD,Maranoa,Dalby PPVC,58603,51,72,68,91,125,48,130,119,148,144,116,194,182,281
QLD,Maranoa,Divisional Office (PREPOLL),30161,34,28,53,39,45,7,42,50,67,93,,129,97,146
QLD,Maranoa,Goondiwindi PPVC,32629,,,,,,,,,,,,290,252,348
QLD,Maranoa,Kingaroy PPVC,46657,,,,,,287,534,368,363,452,197,531,562,627
QLD,Maranoa,Longreach PPVC,32702,,,,,,,,,,,,330,244,226
QLD,Maranoa,Miles PPVC,46661,,,,,,,,,,,,,,91
QLD,Maranoa,Mitchell PPVC,58602,,,,,,,,,,,,,,42
QLD,Maranoa,Nanango PPVC,58600,,,,,,,,,,,,420,463,443
QLD,Maranoa,Roma PPVC,47712,,,,,,,,,,,,349,343,406
QLD,Maranoa,St George PPVC,46666,,,,,,,,,,,,115,158,152
QLD,Maranoa,Stanthorpe PPVC,46658,,,,,,,,,,,,508,482,418
QLD,Maranoa,Warwick PPVC,32628,,,,,,529,704,648,617,633,374,678,728,885
QLD,Maranoa,Winton PPVC,46710,,,,,,,,,,,,130,103,93
QLD,McPherson,Burleigh Heads MCPHERSON PPVC,32572,,,,,,740,978,859,742,830,630,1094,1103,1196
QLD,McPherson,Divisional Office (PREPOLL),30162,49,40,22,42,43,1,37,24,41,38,,48,56,41
QLD,McPherson,Mermaid Waters MCPHERSON PPVC,58845,,,,,,81,125,123,117,125,100,143,160,221
QLD,McPherson,Robina MCPHERSON PPVC,58823,756,721,695,656,747,538,747,595,605,858,892,1052,1025,1277
QLD,McPherson,Southern Gold Coast PPVC,47725,,,,,,526,760,586,676,769,500,940,936,1119
QLD,McPherson,Southport MCPHERSON PPVC,58704,20,25,28,24,24,10,17,27,33,41,16,29,43,55
QLD,McPherson,Tweed Heads MCPHERSON PPVC,65238,137,89,126,119,117,164,106,102,117,123,83,162,149,166
QLD,Moncrieff,Burleigh Heads MONCRIEFF PPVC,58698,,,,,,97,147,151,127,158,96,198,202,233
QLD,Moncrieff,Carrara MONCRIEFF PPVC,83238,,,,,,583,512,474,441,554,513,768,730,898
QLD,Moncrieff,Mermaid Waters MONCRIEFF PPVC,32573,,,,,,541,879,724,659,692,583,920,902,1077
QLD,Moncrieff,Robina MONCRIEFF PPVC,58825,238,245,191,193,228,40,124,135,112,123,108,162,178,219
QLD,Moncrieff,Runaway Bay MONCRIEFF PPVC,65802,48,73,43,40,43,19,32,80,37,33,42,65,52,81
QLD,Moncrieff,Southport MONCRIEFF PPVC,32562,611,788,703,674,724,291,761,623,692,869,618,1025,1075,1129
QLD,Moncrieff,Surfers Paradise PPVC,32563,,,,,,,,,,,643,603,573,641
QLD,Moreton,Brisbane City MORETON PPVC,58693,,,,,,48,200,205,193,284,89,269,323,379
QLD,Moreton,Brisbane MORETON PPVC,65726,70,52,58,37,53,6,13,19,26,18,,29,30,45
QLD,Moreton,Coorparoo MORETON PPVC,66003,55,55,39,48,58,30,40,55,64,73,,129,140,202
QLD,Moreton,Divisional Office (PREPOLL),30164,,,2,,,,,,2,1,,1,1,2
QLD,Moreton,Mansfield MORETON PPVC,83047,122,103,104,107,117,113,138,127,151,198,,249,235,233
QLD,Moreton,Rocklea MORETON PPVC,65747,426,378,285,343,399,341,385,447,446,617,730,817,824,993
QLD,Moreton,Woodridge MORETON PPVC,63122,70,77,30,42,83,52,73,84,94,101,121,130,106,130
QLD,Oxley,Brisbane City OXLEY PPVC,97487,,,,,,14,61,97,93,81,36,80,111,140
QLD,Oxley,Brisbane OXLEY PPVC,97486,11,15,9,12,19,6,10,8,8,7,,9,17,25
QLD,Oxley,Centenary PPVC,65644,273,313,292,274,366,303,348,289,361,520,513,679,703,872
QLD,Oxley,Divisional Office (PREPOLL),30165,2,3,1,2,1,,2,2,2,5,,7,10,6
QLD,Oxley,Forest Lake PPVC,47734,352,369,312,315,429,431,426,349,450,530,582,718,752,925
QLD,Oxley,Ipswich OXLEY PPVC,58725,38,52,44,45,36,24,50,30,25,31,33,44,67,59
QLD,Oxley,Springfield Central OXLEY PPVC,83244,,,,,,341,332,239,233,393,439,469,466,679
QLD,Petrie,Brisbane City PETRIE PPVC,97489,,,,,,17,45,76,59,68,19,66,119,94
QLD,Petrie,Brisbane PETRIE PPVC,97488,11,2,9,9,5,2,2,6,9,5,,12,17,16
QLD,Petrie,Chermside PETRIE PPVC,46550,117,114,91,80,114,74,113,90,133,120,,210,190,231
QLD,Petrie,Deception Bay PPVC,65993,,,,,,370,451,360,363,376,,470,427,481
QLD,Petrie,Divisional Office (PREPOLL),30166,19,12,4,6,11,1,15,6,5,10,,12,4,22
QLD,Petrie,North Lakes PETRIE PPVC,64726,275,238,212,232,262,305,293,285,290,405,497,497,567,673
QLD,Petrie,Redcliffe PPVC,47703,604,632,683,680,928,484,856,721,833,946,691,984,1237,1361
QLD,Petrie,Sandgate PETRIE PPVC,65822,,,,,,178,228,223,212,265,,361,258,340
QLD,Petrie,Strathpine PETRIE PPVC,58727,97,84,87,80,131,67,126,69,94,115,138,131,142,201
QLD,Rankin,Beenleigh RANKIN PPVC,58755,29,20,23,28,31,17,23,26,20,15,22,18,27,35
QLD,Rankin,Brisbane City RANKIN PPVC,97491,,,,,,20,58,79,88,93,43,83,101,155
QLD,Rankin,Brisbane RANKIN PPVC,97490,15,27,12,18,11,2,10,12,9,6,,20,23,24
QLD,Rankin,Browns Plains RANKIN PPVC,47736,,,,,,919,809,632,663,805,794,857,817,950
QLD,Rankin,Loganholme RANKIN PPVC,65804,,,,,,55,77,70,74,69,80,116,98,115
QLD,Rankin,Rocklea RANKIN PPVC,65786,41,28,41,43,51,25,38,26,30,53,51,45,59,79
QLD,Rankin,Springwood RANKIN PPVC,65787,,,,,,539,600,495,471,606,622,659,680,956
QLD,Rankin,Woodridge RANKIN PPVC,34276,774,719,791,684,780,388,670,622,561,656,654,758,787,868
QLD,Ryan,Bellbowrie PPVC,83402,,,,,,198,227,154,151,255,,294,316,390
QLD,Ryan,Brisbane City RYAN PPVC,58694,,,,,,56,220,248,221,269,113,311,392,442
QLD,Ryan,Brisbane RYAN PPVC,65727,63,51,66,49,60,12,16,27,26,30,,44,56,72
QLD,Ryan,Divisional Office (PREPOLL),30168,2,6,6,3,1,,,,1,,,2,4,5
QLD,Ryan,Everton Hills RYAN PPVC,83421,150,105,108,98,123,98,114,105,108,152,206,217,224,281
QLD,Ryan,Indooroopilly PPVC,38279,447,364,422,404,454,362,446,446,456,587,747,833,827,1067
QLD,Ryan,The Gap PPVC,83414,,,,,,341,303,252,317,399,,439,433,377
QLD,Wide Bay,Gympie PPVC,32767,,,,,,566,1090,986,939,1103,609,1303,1266,1445
QLD,Wide Bay,Maryborough WIDE BAY PPVC,65764,448,579,609,572,709,219,799,689,671,848,376,878,919,935
QLD,Wide Bay,Tewantin WIDE BAY PPVC,32757,,,,,,682,861,824,766,927,614,1347,1227,1417
QLD,Wright,Beaudesert PPVC,83230,,,,,,347,496,451,396,488,263,493,472,528
QLD,Wright,Browns Plains WRIGHT PPVC,58884,,,,,,84,93,110,90,125,93,171,171,194
QLD,Wright,Carrara WRIGHT PPVC,83323,,,,,,45,49,59,47,75,74,96,81,132
QLD,Wright,Divisional Office (PREPOLL),56441,6,8,1,6,4,,4,7,7,8,,9,7,6
QLD,Wright,Gatton PPVC,82943,,,,,,379,568,486,482,581,407,669,660,692
QLD,Wright,Ipswich WRIGHT PPVC,58728,27,25,30,22,30,3,25,20,12,34,8,31,38,38
QLD,Wright,Jimboomba PPVC,47730,212,242,275,282,399,182,298,271,301,353,400,485,437,554
QLD,Wright,Northern Gold Coast WRIGHT PPVC,64579,,,,,,93,106,110,110,177,128,179,177,192
QLD,Wright,Robina WRIGHT PPVC,65792,84,138,75,134,125,65,135,118,98,177,146,210,214,289
QLD,Wright,Springfield Central WRIGHT PPVC,83419,,,,,,32,25,16,16,41,39,50,58,55
SA,Adelaide,Adelaide ADELAIDE PPVC,32952,296,190,211,163,196,299,181,219,153,302,204,405,408,532
SA,Adelaide,Colonel Light Gardens ADELAIDE PPVC,83760,,,,,,142,79,68,85,102,149,142,162,184
SA,Adelaide,Divisional Office (PREPOLL),30170,,,,,,,,1,,1,,,1,2
SA,Adelaide,Payneham ADELAIDE PPVC,64715,188,150,123,110,155,169,131,122,119,188,198,262,250,395
SA,Adelaide,Port Adelaide ADELAIDE PPVC,96715,,,,,,113,77,61,58,92,98,132,138,162
SA,Barker,Adelaide BARKER PPVC,65567,5,3,10,7,10,15,5,2,6,7,8,5,8,16
SA,Barker,Gawler BARKER PPVC,96816,,,,,,69,46,37,30,42,48,50,38,51
SA,Barker,Mount Gambier PPVC,34268,361,378,394,432,493,577,404,544,442,625,546,923,959,1105
SA,Barker,Murray Bridge PPVC,12996,248,230,300,362,350,416,313,429,294,438,332,574,594,720
SA,Barker,Naracoorte PPVC,83385,,,,,,,,,,,307,283,337,370
SA,Barker,Nuriootpa PPVC,13261,,,,,,,,,,,472,589,514,664
SA,Barker,Renmark PPVC,13263,,,,,,,,,,,538,535,416,503
SA,Boothby,Adelaide BOOTHBY PPVC,58733,86,60,36,34,42,45,42,43,23,68,23,82,113,127
SA,Boothby,Brighton BOOTHBY PPVC,31787,388,333,344,290,303,371,270,314,251,434,468,536,547,766
SA,Boothby,Colonel Light Gardens BOOTHBY PPVC,83759,,,,,,634,382,360,279,488,479,645,618,863
SA,Boothby,Glenelg BOOTHBY PPVC,65972,488,455,436,336,432,521,358,373,293,485,487,643,690,798
SA,Boothby,Myrtle Bank BOOTHBY PPVC,65813,,,,,,70,28,50,38,59,61,80,72,98
SA,Grey,Adelaide GREY PPVC,65627,13,11,8,6,7,16,3,4,5,8,10,16,7,17
SA,Grey,Gawler GREY PPVC,96963,,,,,,53,22,40,30,39,35,44,46,72
SA,Grey,Kadina PPVC,38201,,,,,,,,,,,373,442,372,369
SA,Grey,Port Augusta PPVC,33120,235,288,300,369,410,414,305,348,313,426,218,432,465,545
SA,Grey,Port Lincoln PPVC,13113,,,,,,507,295,315,299,399,359,458,467,568
SA,Grey,Port Pirie PPVC,13111,,,,,,324,227,230,195,260,178,361,367,492
SA,Grey,Roxby Downs PPVC,13114,,,,,,,,,,,,,59,52
SA,Grey,Whyalla PPVC,13116,,,,,,464,369,323,231,365,184,436,458,652
SA,Hindmarsh,Adelaide HINDMARSH PPVC,58735,49,48,37,34,34,49,30,40,23,59,22,73,104,165
SA,Hindmarsh,Glenelg HINDMARSH PPVC,32098,151,94,93,69,102,132,100,126,82,184,151,219,207,269
SA,Hindmarsh,Port Adelaide HINDMARSH PPVC,64725,,,,,,488,305,350,254,437,397,547,614,830
SA,Hindmarsh,West Lakes PPVC,83649,468,384,499,448,565,633,548,576,591,713,880,877,965,1275
SA,Kingston,Aberfoyle Park PPVC,97054,,,,,,312,196,224,190,295,336,343,383,453
SA,Kingston,Adelaide KINGSTON PPVC,58734,18,16,17,9,14,20,17,10,17,23,6,30,47,50
SA,Kingston,Brighton KINGSTON PPVC,64724,97,49,59,67,54,83,59,63,66,94,87,137,140,160
SA,Kingston,Morphett Vale KINGSTON PPVC,31731,644,570,575,498,575,720,453,619,516,795,627,954,1077,1311
SA,Kingston,Woodcroft PPVC,83446,,,,,,470,368,383,331,409,360,495,452,648
SA,Makin,Adelaide MAKIN PPVC,58738,31,21,11,10,16,28,14,20,13,29,5,65,58,70
SA,Makin,Elizabeth MAKIN PPVC,65779,36,34,25,26,41,40,31,36,28,35,22,52,59,86
SA,Makin,Golden Grove PPVC,83696,,,,,,274,192,199,154,278,252,393,317,542
SA,Makin,Mawson Lakes PPVC,83479,,,,,,517,246,291,211,400,416,583,639,801
SA,Makin,Modbury MAKIN PPVC,38321,645,543,560,531,632,757,535,555,596,759,690,1045,1059,1330
SA,Mayo,Adelaide Mayo PPVC,58737,52,33,20,24,16,23,19,26,20,26,11,39,39,50
SA,Mayo,Aldinga Beach PPVC,83433,,,,,,357,262,305,234,277,250,367,366,543
SA,Mayo,Bridgewater PPVC,83434,,,,,,310,166,165,143,212,249,253,252,305
SA,Mayo,Kingscote PPVC,12995,,,,,,,,,,,,,203,171
SA,Mayo,Morphett Vale MAYO PPVC,97216,77,56,64,48,40,30,35,34,24,35,27,56,62,88
SA,Mayo,Mount Barker PPVC,47788,461,336,347,342,393,440,394,379,428,534,438,597,656,778
SA,Mayo,Strathalbyn PPVC,83398,,,,,,356,284,271,227,306,251,255,264,335
SA,Mayo,Victor Harbor PPVC,12997,820,715,693,709,773,788,634,599,442,697,418,772,792,866
SA,Spence,Adelaide SPENCE PPVC,58757,9,14,16,11,13,17,6,19,7,18,8,29,41,54
SA,Spence,Elizabeth SPENCE PPVC,46573,376,333,333,360,444,441,303,381,363,530,347,690,606,829
SA,Spence,Gawler SPENCE PPVC,83758,,,,,,396,212,272,206,303,241,418,408,476
SA,Spence,Munno Para PPVC,83710,,,,,,311,216,237,233,376,352,384,507,648
SA,Sturt,Adelaide STURT PPVC,58729,86,69,55,52,56,83,50,45,34,81,30,101,131,145
SA,Sturt,Modbury STURT PPVC,64723,150,86,133,109,104,162,115,144,147,181,202,242,282,352
SA,Sturt,Myrtle Bank STURT PPVC,65810,,,,,,318,175,263,159,288,258,372,373,471
SA,Sturt,Payneham STURT PPVC,38285,630,530,579,530,545,746,528,622,484,783,816,1033,1257,1579
TAS,Bass,Divisional Office (PREPOLL),30183,156,110,96,67,83,75,75,55,86,85,,116,132,135
TAS,Bass,Launceston BASS PPVC,33906,402,333,381,332,422,511,477,497,550,742,607,907,1062,1337
TAS,Braddon,Burnie PPVC,33832,322,410,450,446,463,299,311,312,328,440,267,426,524,613
TAS,Braddon,Devonport BRADDON PPVC,33831,317,355,300,303,321,405,304,352,372,516,226,529,590,600
TAS,Braddon,Divisional Office (PREPOLL),30184,28,25,10,20,12,15,8,12,6,13,,15,17,17
TAS,Braddon,Queenstown PPVC,34052,,,,,,,,,,,68,102,70,85
TAS,Braddon,Ulverstone PPVC,83750,,,,,,,,,,,301,404,411,461
TAS,Clark,Divisional Office (PREPOLL),30185,16,10,7,7,3,8,4,13,9,8,,11,13,13
TAS,Clark,Glenorchy CLARK PPVC,58685,,,,,,479,352,343,423,523,271,462,598,685
TAS,Clark,Hobart CLARK PPVC,31107,409,307,325,301,326,272,275,242,266,331,205,417,515,592
TAS,Franklin,Divisional Office (PREPOLL),30186,3,2,1,3,3,2,3,1,1,1,,1,3,2
TAS,Franklin,Hobart FRANKLIN PPVC,58681,166,141,167,132,176,80,82,80,95,110,68,147,177,206
TAS,Franklin,Kingston PPVC,58684,,,,,,378,277,252,287,353,182,411,432,587
TAS,Franklin,Rosny PPVC,34054,324,278,236,221,284,214,167,198,223,303,162,378,375,455
TAS,Lyons,Devonport LYONS PPVC,83159,39,31,28,25,27,23,21,26,24,33,19,49,44,54
TAS,Lyons,Divisional Office (PREPOLL),30187,27,17,21,7,15,13,15,7,15,18,,14,22,33
TAS,Lyons,Glenorchy LYONS PPVC,83160,,,,,,53,71,56,70,84,62,109,137,180
TAS,Lyons,Hobart LYONS PPVC,82850,49,37,28,35,29,22,21,13,31,35,17,28,48,56
TAS,Lyons,Launceston LYONS PPVC,58627,67,97,100,84,94,113,101,122,149,209,166,245,226,320
TAS,Lyons,Sorell PPVC,82774,188,184,230,258,292,269,213,213,223,318,201,315,331,468
TAS,Lyons,St Helens PPVC,34053,,,,,,,,,,,251,215,224,275
VIC,Aston,Boronia ASTON PPVC,63158,748,868,812,821,910,880,743,762,770,874,1122,1289,1205,1347
VIC,Aston,Divisional Office (PREPOLL),30188,324,323,286,274,304,,,,,,,,,
VIC,Aston,Rowville PPVC,83838,556,597,588,629,633,768,670,650,694,769,1051,1030,1066,1296
VIC,Aston,Wantirna South PPVC,64690,,,,,,719,589,527,571,646,1017,1092,1026,1318
VIC,Ballarat,Ballarat PPVC,34062,1094,1440,1226,1395,1541,1786,1537,1589,1684,1573,1533,2131,1860,2122
VIC,Ballarat,Divisional Office (PREPOLL),30189,38,27,15,20,18,24,26,13,20,16,,17,24,17
VIC,Ballarat,Melton BALLARAT PPVC,64713,117,156,183,163,179,236,172,176,197,215,231,332,326,432
VIC,Ballarat,Sebastopol BALLARAT PPVC,83632,,,,,,,,,,,639,799,738,923
VIC,Ballarat,Wendouree PPVC,64679,,,,,,,,,,,561,1024,949,1061
VIC,Bendigo,Bendigo PPVC,32094,1063,1069,918,1019,1155,1223,1162,1143,1235,1319,1225,1788,1931,2192
VIC,Bendigo,Castlemaine PPVC,83517,,,,,,,,,,,546,665,550,697
VIC,Bendigo,Golden Square PPVC,65899,470,520,574,543,713,772,749,821,852,889,854,1301,1302,1536
VIC,Bruce,Berwick BRUCE PPVC,91155,57,73,80,120,118,150,84,113,103,141,246,202,235,305
VIC,Bruce,Cranbourne BRUCE PPVC,91143,16,16,29,14,15,16,15,24,27,22,51,44,46,51
VIC,Bruce,Dandenong BRUCE PPVC,58781,452,458,518,565,700,1012,832,815,910,1083,1514,1573,1427,1786
VIC,Bruce,Divisional Office (PREPOLL),30192,8,,2,1,,5,2,1,6,2,,5,5,2
VIC,Bruce,Mulgrave BRUCE PPVC,91128,32,47,43,77,82,101,69,65,72,78,158,155,140,164
VIC,Bruce,Springvale BRUCE PPVC,82837,443,453,538,507,659,799,730,719,685,814,847,996,957,1044
VIC,Calwell,Craigieburn CALWELL PPVC,66161,431,484,500,627,882,1051,878,799,884,1144,,1775,1597,1998
VIC,Calwell,Gladstone Park PPVC,64682,,,,706,1334,1364,1298,1353,1289,1283,1457,1595,1494,1715
VIC,Calwell,Glenroy CALWELL PPVC,58714,218,205,246,208,290,300,266,264,253,307,450,437,393,472
VIC,Casey,Berwick CASEY PPVC,91358,15,8,8,3,14,21,16,17,25,25,17,32,26,43
VIC,Casey,Boronia CASEY PPVC,82852,170,148,130,123,169,195,139,124,160,202,195,250,290,362
VIC,Casey,Croydon CASEY PPVC,83728,,,,,,224,211,207,211,253,291,302,331,420
VIC,Casey,Healesville PPVC,83731,,,,,,341,219,241,277,271,280,355,350,362
VIC,Casey,Lilydale CASEY PPVC,32944,790,820,819,823,992,991,873,814,914,1082,1175,1404,1400,1650
VIC,Casey,Ringwood CASEY PPVC,58639,32,35,29,25,38,26,24,26,27,29,23,57,44,64
VIC,Chisholm,Blackburn North CHISHOLM PPVC,32947,637,505,430,459,598,687,516,595,596,680,674,1076,1136,1369
VIC,Chisholm,Melbourne Central CHISHOLM PPVC,97508,,,,14,23,18,20,15,13,12,15,33,39,39
VIC,Chisholm,Melbourne CHISHOLM PPVC,83897,55,40,51,35,36,51,45,50,54,41,12,80,97,74
VIC,Chisholm,Mount Waverley PPVC,97440,,,,,,954,853,756,741,931,1086,1092,1154,1503
VIC,Chisholm,Mulgrave CHISHOLM PPVC,91464,121,117,91,110,95,84,52,52,51,63,93,86,95,109
VIC,Chisholm,Ringwood CHISHOLM PPVC,91512,10,13,11,10,11,10,10,9,8,19,31,23,24,40
VIC,Cooper,Heidelberg COOPER PPVC,83415,55,50,47,56,66,73,91,84,62,122,186,165,167,231
VIC,Cooper,Melbourne Central COOPER PPVC,97509,,,,12,17,10,17,23,14,16,3,34,18,59
VIC,Cooper,Melbourne COOPER PPVC,83965,68,53,61,52,51,72,71,58,66,59,32,115,130,128
VIC,Cooper,Mill Park COOPER PPVC,65962,49,32,31,34,37,73,64,44,49,59,97,92,107,87
VIC,Cooper,Northcote COOPER PPVC,82771,365,309,296,324,403,426,417,400,431,542,786,758,795,1102
VIC,Cooper,Thornbury COOPER PPVC,64643,543,565,584,574,711,914,847,744,753,938,1305,1522,1493,1975
VIC,Corangamite,Barwon CORANGAMITE PPVC,34013,426,428,438,485,553,621,585,644,548,650,565,779,731,848
VIC,Corangamite,Bellarine PPVC,83641,364,366,331,402,430,568,377,440,457,435,439,639,640,815
VIC,Corangamite,Colac CORANGAMITE PPVC,91539,45,48,62,50,64,67,53,77,58,54,54,84,87,111
VIC,Corangamite,Geelong CORANGAMITE PPVC,58623,226,282,283,260,337,364,349,377,380,340,228,546,591,634
VIC,Corangamite,Torquay PPVC,97603,493,576,551,580,668,778,619,646,638,735,770,839,822,1119
VIC,Corio,Barwon CORIO PPVC,64628,652,827,780,863,921,1054,1047,1030,959,961,981,1268,1190,1479
VIC,Corio,Divisional Office (PREPOLL),30199,13,11,13,9,9,12,11,5,22,11,,10,14,13
VIC,Corio,Geelong CORIO PPVC,31536,489,684,652,620,840,951,820,713,863,773,913,1442,1497,1620
VIC,Deakin,Blackburn North DEAKIN PPVC,58637,145,124,110,138,166,193,161,157,177,189,234,303,320,340
VIC,Deakin,Croydon DEAKIN PPVC,83755,,,,,,934,801,716,677,763,897,932,1035,1131
VIC,Deakin,Lilydale DEAKIN PPVC,91665,53,38,35,31,44,31,25,28,25,33,34,48,46,67
VIC,Deakin,Ringwood DEAKIN PPVC,32108,638,655,577,693,695,680,581,544,659,667,1005,1038,1019,1291
VIC,Dunkley,Carrum Downs PPVC,97535,602,505,464,495,658,692,588,564,606,735,992,1014,841,1170
VIC,Dunkley,Cranbourne DUNKLEY PPVC,97461,22,21,31,26,32,38,37,39,21,29,25,27,32,23
VIC,Dunkley,Divisional Office (PREPOLL),30201,36,33,43,33,49,42,50,85,47,51,,64,80,125
VIC,Dunkley,Frankston DUNKLEY PPVC,36414,776,751,725,762,763,883,823,802,813,890,967,1288,1223,1575
VIC,Dunkley,Langwarrin PPVC,83451,,,,,,,,,,,922,982,895,1104
VIC,Dunkley,Mornington DUNKLEY PPVC,82825,82,75,76,105,87,111,106,110,109,118,137,172,150,207
VIC,Flinders,Frankston FLINDERS PPVC,91941,39,38,39,39,45,61,49,28,50,59,51,72,80,106
VIC,Flinders,Hastings PPVC,31697,749,797,761,874,798,861,741,675,721,891,810,1044,912,1116
VIC,Flinders,Mornington FLINDERS PPVC,82831,1068,1079,989,1010,1061,1145,933,906,880,1032,945,1213,1215,1393
VIC,Flinders,Rosebud PPVC,66007,,,,,,1889,1705,1491,1443,1415,1022,1639,1482,1541
VIC,Fraser,Essendon FRASER PPVC,91798,45,76,69,59,92,113,72,74,69,67,88,149,124,133
VIC,Fraser,Footscray FRASER PPVC,91831,85,105,117,113,173,191,147,163,151,221,300,320,302,331
VIC,Fraser,Melbourne Central FRASER PPVC,97510,,,,24,20,14,17,12,14,21,24,32,30,51
VIC,Fraser,Melbourne FRASER PPVC,91799,19,24,35,33,29,42,30,41,35,38,22,61,77,88
VIC,Fraser,St Albans PPVC,82787,,,,,,2546,2663,2212,2378,2311,2740,3147,3014,3286
VIC,Fraser,Sunshine FRASER PPVC,38309,463,441,557,610,741,841,778,659,670,731,1019,1011,1054,1269
VIC,Gellibrand,Altona PPVC,83964,946,1031,957,1039,1148,1316,1202,1119,1226,1278,1440,1952,1921,2163
VIC,Gellibrand,Divisional Office (PREPOLL),30203,41,51,63,48,68,81,65,82,73,53,,135,103,104
VIC,Gellibrand,Footscray GELLIBRAND PPVC,58762,139,156,151,180,197,273,236,251,224,285,475,502,510,713
VIC,Gellibrand,Hoppers Crossing GELLIBRAND PPVC,64709,62,117,111,109,123,177,128,134,167,188,302,251,308,354
VIC,Gellibrand,Melbourne Central GELLIBRAND PPVC,97511,,,,39,44,30,37,26,37,23,17,68,49,92
VIC,Gellibrand,Melbourne GELLIBRAND PPVC,83904,49,53,58,50,61,73,64,70,85,84,27,116,138,157
VIC,Gellibrand,Sunshine GELLIBRAND PPVC,63605,17,19,21,10,24,23,19,18,22,20,26,38,52,51
VIC,Gippsland,Bairnsdale PPVC,32100,,,,,,1142,980,910,973,1065,618,1108,1038,1257
VIC,Gippsland,Divisional Office (PREPOLL),30204,20,6,8,7,6,5,15,22,7,4,,12,9,15
VIC,Gippsland,Lakes Entrance PPVC,83206,,,,,,409,262,249,274,330,137,260,252,326
VIC,Gippsland,Morwell GIPPSLAND PPVC,65862,,,,,,878,636,509,563,633,308,729,809,861
VIC,Gippsland,Sale PPVC,38292,556,638,718,636,766,682,710,650,680,832,574,808,927,1099
VIC,Gippsland,Traralgon PPVC,32107,,,,,,1028,841,728,798,1033,703,1290,1236,1642
VIC,Goldstein,Divisional Office (PREPOLL),30205,,9,8,6,8,3,7,10,4,5,,11,7,10
VIC,Goldstein,Hampton PPVC,97599,1030,820,858,819,944,1110,957,919,920,1099,1460,1537,1530,2031
VIC,Goldstein,Malvern GOLDSTEIN PPVC,83933,68,52,48,57,52,95,75,77,81,98,103,152,155,217
VIC,Goldstein,Melbourne Central GOLDSTEIN PPVC,97507,,,,13,21,16,14,16,12,17,10,27,45,61
VIC,Goldstein,Melbourne GOLDSTEIN PPVC,83906,33,35,33,39,38,52,35,52,39,36,22,65,89,99
VIC,Goldstein,Moorabbin GOLDSTEIN PPVC,83939,213,214,166,204,248,326,228,249,256,298,465,487,502,612
VIC,Goldstein,Oakleigh GOLDSTEIN PPVC,64648,38,25,36,43,53,49,53,42,43,59,92,73,93,127
VIC,Goldstein,St Kilda GOLDSTEIN PPVC,65901,16,7,8,11,10,13,10,7,16,12,17,31,47,41
VIC,Gorton,Melton GORTON PPVC,38304,728,777,798,851,1119,1348,1181,1131,1163,1322,1566,2177,2003,2513
VIC,Gorton,Sunshine GORTON PPVC,64711,238,257,264,372,382,580,445,470,504,578,870,882,872,1019
VIC,Higgins,Divisional Office (PREPOLL),30206,98,11,5,12,11,20,6,9,11,5,,22,21,21
VIC,Higgins,Hawthorn HIGGINS PPVC,65213,63,44,50,51,53,71,57,61,80,67,116,103,101,106
VIC,Higgins,Malvern HIGGINS PPVC,34282,736,599,595,706,700,793,742,732,736,803,1258,1277,1368,1734
VIC,Higgins,Melbourne Central HIGGINS PPVC,97512,,,,22,15,25,13,18,19,18,21,36,56,75
VIC,Higgins,Melbourne HIGGINS PPVC,83908,80,58,69,70,68,74,87,55,75,75,28,116,158,148
VIC,Higgins,Oakleigh HIGGINS PPVC,64656,243,175,196,177,232,294,248,217,279,303,371,369,416,516
VIC,Higgins,South Yarra HIGGINS PPVC,83886,327,272,270,265,267,319,313,282,294,337,666,591,646,950
VIC,Holt,Berwick HOLT PPVC,65902,109,104,79,112,141,191,137,172,192,251,335,363,372,521
VIC,Holt,Cranbourne HOLT PPVC,38290,938,896,922,1041,1292,1459,1194,1125,1308,1613,2020,2374,2224,2615
VIC,Holt,Dandenong HOLT PPVC,58783,46,40,44,56,47,77,66,79,87,128,194,201,183,267
VIC,Hotham,Divisional Office (PREPOLL),30208,,9,3,5,9,12,5,10,5,3,,17,5,10
VIC,Hotham,Moorabbin HOTHAM PPVC,83815,87,69,64,80,86,144,96,92,113,137,203,249,212,306
VIC,Hotham,Mulgrave HOTHAM PPVC,36432,264,363,349,324,406,512,384,314,377,486,836,794,816,1039
VIC,Hotham,Oakleigh HOTHAM PPVC,58653,450,478,459,485,611,673,617,594,611,777,998,1069,1139,1338
VIC,Hotham,Springvale HOTHAM PPVC,34061,152,164,174,186,273,261,243,278,243,260,324,361,327,347
VIC,Indi,Albury INDI PPVC,65892,129,157,162,137,141,47,61,71,73,86,89,93,108,145
VIC,Indi,Benalla PPVC,33123,,,,,,775,624,538,548,549,400,516,539,635
VIC,Indi,Bright PPVC,65662,,,,,,314,234,235,241,310,145,259,241,293
VIC,Indi,Mansfield PPVC,65663,,,,,,453,360,353,281,282,254,257,303,329
VIC,Indi,Wangaratta PPVC,33124,843,882,876,941,1063,975,823,831,816,987,955,1063,1022,1219
VIC,Indi,Wodonga PPVC,31542,,,,,,1868,1553,1551,1547,1572,1283,1827,1749,1887
VIC,Isaacs,Dandenong ISAACS PPVC,58802,49,35,37,40,58,95,58,67,61,102,136,166,154,216
VIC,Isaacs,Divisional Office (PREPOLL),30210,23,23,11,20,17,14,22,26,16,15,,18,28,44
VIC,Isaacs,Frankston ISAACS PPVC,65868,54,61,56,65,76,76,70,78,87,87,76,137,120,127
VIC,Isaacs,Moorabbin ISAACS PPVC,83817,505,440,419,416,512,613,512,507,495,698,934,1022,993,1237
VIC,Isaacs,Mordialloc PPVC,97617,428,498,582,487,588,737,646,670,633,905,1195,1368,1257,1634
VIC,Isaacs,Springvale ISAACS PPVC,65867,135,172,206,167,225,268,280,225,298,348,326,402,387,440
VIC,Jagajaga,Greensborough JAGAJAGA PPVC,58458,732,847,844,933,1093,1116,1154,1065,1018,1285,1475,1878,1719,2092
VIC,Jagajaga,Heidelberg JAGAJAGA PPVC,38297,638,711,557,603,750,854,826,760,828,939,1271,1385,1413,1766
VIC,Jagajaga,Mill Park JAGAJAGA PPVC,92436,10,21,13,14,20,45,25,17,25,35,56,45,50,67
VIC,Jagajaga,South Morang JAGAJAGA PPVC,92431,14,11,13,12,7,17,18,24,12,17,24,39,32,60
VIC,Kooyong,Blackburn North KOOYONG PPVC,58743,126,99,137,95,145,137,140,143,154,177,219,269,301,339
VIC,Kooyong,Divisional Office (PREPOLL),30212,30,80,92,74,107,82,89,124,104,93,,205,190,202
VIC,Kooyong,Hawthorn KOOYONG PPVC,38306,816,676,747,742,823,934,842,912,957,1115,1585,1558,1644,1845
VIC,Kooyong,Malvern KOOYONG PPVC,65214,27,31,23,21,33,28,30,47,26,29,37,57,45,97
VIC,Kooyong,Melbourne Central KOOYONG PPVC,97513,,,,19,14,24,31,14,18,18,5,28,60,64
VIC,Kooyong,Melbourne KOOYONG PPVC,83914,59,79,59,53,58,61,75,80,79,78,15,122,154,126
VIC,La Trobe,Berwick LA TROBE PPVC,65129,547,592,646,637,864,1018,805,717,888,1114,1414,1543,1571,2042
VIC,La Trobe,Cranbourne LA TROBE PPVC,58658,47,53,43,42,66,72,64,64,74,92,166,145,152,212
VIC,La Trobe,Pakenham LA TROBE PPVC,46584,589,617,638,659,808,834,821,576,821,964,1361,1477,1323,1687
VIC,Lalor,Divisional Office (PREPOLL),30213,21,20,18,20,23,30,6,16,22,19,,46,37,50
VIC,Lalor,Hoppers Crossing LALOR PPVC,65525,643,694,680,790,843,1078,1060,922,1023,1144,1376,1676,1666,1955
VIC,Lalor,Werribee PPVC,31959,604,628,654,619,771,1038,870,851,830,949,1561,1851,1659,2104
VIC,Macnamara,Malvern MACNAMARA PPVC,65659,252,271,223,228,303,397,326,347,333,422,450,614,653,762
VIC,Macnamara,Melbourne Central MACNAMARA PPVC,97506,,,,360,275,261,222,207,220,221,444,427,462,667
VIC,Macnamara,Melbourne MACNAMARA PPVC,58641,198,161,140,131,129,152,134,131,155,140,130,224,288,245
VIC,Macnamara,South Yarra MACNAMARA PPVC,97465,131,104,84,112,139,157,118,110,124,148,247,227,252,362
VIC,Macnamara,St Kilda MACNAMARA PPVC,11763,334,297,319,294,311,431,339,365,417,428,772,839,795,1221
VIC,Mallee,Horsham PPVC,31599,,,,,,1004,804,847,830,970,766,919,883,1054
VIC,Mallee,Maryborough PPVC,83695,,,,,,,,,,,623,704,612,749
VIC,Mallee,Mildura MALLEE PPVC,38298,445,444,407,536,501,631,474,470,505,557,515,683,717,770
VIC,Mallee,Outer Mildura PPVC,83774,500,539,578,609,630,698,635,588,643,771,827,846,930,962
VIC,Mallee,Swan Hill PPVC,31573,,,,,,657,495,452,495,555,445,644,627,758
VIC,Maribyrnong,Divisional Office (PREPOLL),30216,51,39,53,45,65,67,40,42,64,80,,132,165,188
VIC,Maribyrnong,Essendon MARIBYRNONG PPVC,33128,820,1131,1043,1106,1249,1483,1396,1222,1273,1426,1774,2113,2220,1889
VIC,Maribyrnong,Footscray MARIBYRNONG PPVC,83764,336,335,323,364,463,577,472,482,566,601,927,977,1036,1203
VIC,Maribyrnong,Melbourne Central MARIBYRNONG PPVC,97514,,,,32,33,34,26,20,33,27,15,52,59,96
VIC,Maribyrnong,Melbourne MARIBYRNONG PPVC,83918,70,72,77,65,73,90,72,83,84,84,45,136,159,158
VIC,Maribyrnong,Sunshine MARIBYRNONG PPVC,92914,16,15,12,13,31,41,33,23,25,24,42,39,46,66
VIC,McEwen,Craigieburn MCEWEN PPVC,65865,7,29,24,14,32,44,34,30,55,39,,50,63,72
VIC,McEwen,Divisional Office (PREPOLL),30217,,,,,,,2,,,,,,,
VIC,McEwen,Mill Park MCEWEN PPVC,97522,29,16,19,22,29,42,27,37,40,49,45,56,77,68
VIC,McEwen,Seymour MCEWEN PPVC,92667,32,19,24,25,25,20,29,24,12,18,10,24,25,30
VIC,McEwen,South Morang MCEWEN PPVC,58744,208,201,191,244,286,357,298,310,340,412,467,602,610,678
VIC,McEwen,Sunbury Central PPVC,82784,510,468,465,577,676,690,636,621,559,642,744,886,795,992
VIC,McEwen,Sunbury West PPVC,58636,291,274,307,350,456,485,420,495,459,545,673,835,729,980
VIC,McEwen,Wallan PPVC,83416,159,271,287,350,449,489,444,487,450,487,544,704,674,801
VIC,Melbourne,Melbourne Central MELBOURNE PPVC,97505,,,,315,314,272,252,255,311,310,341,487,603,904
VIC,Melbourne,Melbourne MELBOURNE PPVC,14318,992,910,827,819,929,1051,1031,960,918,1117,1098,1599,1906,1942
VIC,Melbourne,Northcote MELBOURNE PPVC,64641,79,34,37,56,66,51,61,53,73,76,111,135,125,146
VIC,Melbourne,Richmond PPVC,97466,,,,,,1141,1031,941,855,897,1321,1285,1271,1607
VIC,Melbourne,South Yarra MELBOURNE PPVC,97463,50,42,52,53,43,29,31,36,47,34,72,66,103,135
VIC,Menzies,Blackburn North MENZIES PPVC,64638,129,129,103,122,144,162,195,137,166,203,175,291,302,377
VIC,Menzies,Doncaster East PPVC,32953,624,508,550,589,678,818,707,794,743,969,1274,1429,1438,1758
VIC,Menzies,Greensborough MENZIES PPVC,93237,155,141,132,157,191,205,199,175,197,291,253,345,350,371
VIC,Menzies,Heidelberg MENZIES PPVC,65654,82,74,99,84,87,122,86,107,102,123,186,204,194,225
VIC,Menzies,Ringwood MENZIES PPVC,58638,71,94,94,87,116,147,109,113,127,182,180,245,252,289
VIC,Monash,Cowes PPVC,46625,,,,,,,,,,,,1078,958,979
VIC,Monash,Cranbourne MONASH PPVC,93025,32,50,36,48,41,30,31,31,24,59,46,55,34,63
VIC,Monash,Divisional Office (PREPOLL),31556,3,7,5,10,4,7,9,3,6,4,,7,5,5
VIC,Monash,Moe PPVC,83638,,,,,,567,441,304,358,405,265,483,422,537
VIC,Monash,Morwell MONASH PPVC,65905,,,,,,62,55,66,51,72,49,64,84,119
VIC,Monash,Pakenham MONASH PPVC,93057,83,83,60,92,104,100,88,93,90,149,127,144,173,203
VIC,Monash,Warragul PPVC,34224,486,617,613,657,705,800,656,622,712,966,833,1218,1143,1478
VIC,Monash,Wonthaggi PPVC,38307,,,,,,994,939,864,857,714,564,951,904,1062
VIC,Nicholls,Cobram PPVC,83819,,,,,,506,356,326,376,395,251,283,290,404
VIC,Nicholls,Divisional Office (PREPOLL),30222,,,,8,4,7,11,13,10,21,,9,20,12
VIC,Nicholls,Echuca NICHOLLS PPVC,32033,,,,,,1030,880,900,880,893,771,1029,944,1070
VIC,Nicholls,Seymour NICHOLLS PPVC,65398,225,256,314,328,391,335,323,349,357,445,346,509,471,608
VIC,Nicholls,Shepparton PPVC,38335,498,623,574,673,855,944,893,880,1024,1271,989,1618,1593,1939
VIC,Nicholls,Yarrawonga PPVC,33125,,,,,,583,500,484,455,477,305,507,515,577
VIC,Scullin,Divisional Office (PREPOLL),30223,12,10,27,30,39,50,47,32,30,19,,30,53,51
VIC,Scullin,Greensborough SCULLIN PPVC,97520,66,54,49,60,56,62,54,63,68,78,97,92,107,121
VIC,Scullin,Mill Park SCULLIN PPVC,65680,351,332,233,312,473,601,536,492,559,686,945,1040,1104,1324
VIC,Scullin,South Morang SCULLIN PPVC,46761,497,523,507,623,687,923,829,743,826,1012,1342,1625,1484,1847
VIC,Wannon,Ararat PPVC,83701,,,,,,,,,,,526,438,395,588
VIC,Wannon,Colac WANNON PPVC,58629,312,301,308,369,379,427,358,401,367,468,294,484,537,671
VIC,Wannon,Hamilton PPVC,32073,,,,,,,,,,,868,809,824,933
VIC,Wannon,Portland PPVC,38432,,,,,,,,,,,936,1023,966,1000
VIC,Wannon,Sebastopol WANNON PPVC,93398,,,,,,,,,,,108,121,101,124
VIC,Wannon,Warrnambool PPVC,33121,509,582,606,318,817,988,910,905,1004,1361,888,1614,1671,1955
VIC,Wills,Essendon WILLS PPVC,58752,126,130,124,160,190,229,198,226,201,270,408,429,492,411
VIC,Wills,Glenroy WILLS PPVC,34056,460,509,488,460,557,761,632,585,627,713,977,1038,1058,1287
VIC,Wills,Melbourne Central WILLS PPVC,97515,,,,29,28,21,21,22,27,30,19,57,60,104
VIC,Wills,Melbourne WILLS PPVC,83927,98,96,99,95,111,152,127,118,117,141,92,209,281,292
VIC,Wills,Northcote WILLS PPVC,64642,70,73,71,68,72,104,101,120,122,138,209,266,235,349
VIC,Wills,Thornbury WILLS PPVC,82772,54,36,40,65,53,84,82,93,88,117,156,184,196,290
WA,Brand,Cockburn Central BRAND PPVC,83351,39,38,11,22,32,53,37,42,29,38,42,86,67,88
WA,Brand,Naval Base PPVC,83346,12,10,8,23,24,29,30,14,37,47,19,66,86,155
WA,Brand,Port Kennedy PPVC,83347,174,156,179,137,210,352,281,210,229,342,321,485,460,583
WA,Brand,Rockingham PPVC,58768,630,681,683,675,826,1125,917,887,994,1234,952,1604,1566,1805
WA,Burt,Cannington BURT PPVC,83339,207,166,187,200,236,383,235,256,284,363,287,553,390,580
WA,Burt,Cockburn Central BURT PPVC,83352,69,59,43,34,51,61,77,52,52,74,98,114,122,168
WA,Burt,Haynes BURT PPVC,33044,223,235,212,257,305,406,359,293,364,475,418,590,638,887
WA,Canning,Byford PPVC,97481,146,228,213,204,223,307,226,219,239,313,392,401,400,515
WA,Canning,Falcon PPVC,83296,291,259,230,308,368,450,293,325,326,448,592,541,526,617
WA,Canning,Greenfields PPVC,33043,893,966,898,955,1041,1312,1203,1121,1102,1227,,1720,1631,1787
WA,Canning,Haynes CANNING PPVC,70906,55,57,54,57,74,85,83,78,72,110,112,146,122,200
WA,Cowan,Joondalup COWAN PPVC,82503,103,88,60,88,88,171,109,105,156,152,140,203,211,225
WA,Cowan,Malaga PPVC,83321,170,159,153,144,195,295,212,226,258,375,399,534,547,739
WA,Cowan,Wanneroo PPVC,82505,137,118,128,131,154,231,157,154,175,234,244,354,408,519
WA,Curtin,Balcatta CURTIN PPVC,95056,49,84,56,56,60,121,90,70,77,122,112,137,121,170
WA,Curtin,Perth CURTIN PPVC,94024,79,90,68,67,65,101,71,95,102,133,17,131,184,202
WA,Curtin,Subiaco PPVC,65666,422,380,386,324,363,483,391,405,348,524,504,612,686,839
WA,Curtin,Wembley PPVC,97537,,,,,,,,,,,,325,339,344
WA,Durack,Broome PPVC,33257,,,,,,361,272,257,277,386,326,425,403,545
WA,Durack,Carnarvon PPVC,32762,,,,,,148,94,121,134,124,165,172,133,144
WA,Durack,Divisional Office (PREPOLL),47163,6,7,7,7,5,1,1,4,1,5,,7,2,1
WA,Durack,Geraldton PPVC,34255,354,387,353,433,561,594,512,482,570,602,648,777,797,1000
WA,Durack,Karratha PPVC,47800,,,,,,135,96,133,151,150,224,224,289,331
WA,Durack,Kununurra PPVC,65824,,,,,,190,147,119,107,120,106,127,141,176
WA,Durack,Merredin PPVC,83344,,,,,,83,64,55,116,70,91,77,132,144
WA,Durack,South Hedland PPVC,38316,,,,,,188,164,154,148,203,216,226,276,332
WA,Forrest,Bunbury PPVC,46632,479,485,470,511,542,688,531,551,574,772,566,1016,1039,1274
WA,Forrest,Busselton PPVC,32817,,,,,,675,489,450,434,545,367,757,689,887
WA,Forrest,Divisional Office (PREPOLL),30230,43,21,5,15,20,24,29,20,12,15,,36,17,28
WA,Forrest,Dunsborough PPVC,83399,,,,,,181,126,147,163,196,193,210,216,339
WA,Forrest,Margaret River PPVC,32819,,,,,,167,121,152,147,158,,193,202,262
WA,Fremantle,Cockburn Central FREMANTLE PPVC,82718,418,379,263,348,392,476,413,423,436,537,547,804,768,1038
WA,Fremantle,Divisional Office (PREPOLL),30231,,,134,1,1,5,4,47,,7,,,2,
WA,Fremantle,Fremantle PPVC,47786,378,409,369,391,379,538,408,392,404,534,471,645,715,946
WA,Hasluck,Cannington HASLUCK PPVC,83326,109,84,74,83,112,145,133,126,129,147,136,255,223,274
WA,Hasluck,Midland PPVC,58748,395,344,413,401,496,692,526,562,559,748,624,1037,1011,1294
WA,Hasluck,Mundaring PPVC,97492,117,95,123,132,164,189,155,134,135,218,213,219,252,268
WA,Moore,Divisional Office (PREPOLL),30233,25,29,27,20,27,25,22,24,19,21,,49,24,55
WA,Moore,Joondalup MOORE PPVC,65537,494,450,413,487,489,738,525,492,563,704,685,981,1030,1128
WA,O'Connor,Albany PPVC,32815,,,,,,862,816,757,791,853,671,916,967,1032
WA,O'Connor,Collie PPVC,34354,,,,,,198,157,134,168,187,120,254,278,299
WA,O'Connor,Esperance PPVC,32761,,,,,,379,243,234,189,273,115,268,264,366
WA,O'Connor,Eucla PPVC,83876,,,,,,,,,,,5,11,13,4
WA,O'Connor,Kalgoorlie PPVC,82736,241,190,216,201,287,397,297,260,316,411,271,540,533,666
WA,O'Connor,Leonora PPVC,82979,,,,,,,,,,,7,6,5,1
WA,O'Connor,Manjimup PPVC,34357,,,,,,134,95,95,131,171,58,194,224,281
WA,O'Connor,Narrogin PPVC,82978,,,,,,53,67,73,82,91,72,112,134,159
WA,O'Connor,Norseman PPVC,82980,,,,,,,,,,,9,18,13,19
WA,Pearce,Ellenbrook PPVC,83307,175,142,169,185,241,360,230,209,316,375,384,614,569,757
WA,Pearce,Joondalup PEARCE PPVC,65749,177,187,173,207,260,305,236,284,282,362,316,477,486,622
WA,Pearce,Northam PPVC,58476,131,154,150,185,190,207,177,178,236,246,188,261,262,121
WA,Pearce,Yanchep PPVC,83306,134,104,102,103,134,197,132,120,153,181,233,273,254,368
WA,Perth,Morley PERTH PPVC,83966,441,427,433,434,466,720,575,592,639,737,787,1086,1103,1402
WA,Perth,Perth PERTH PPVC,38296,309,359,335,292,366,457,424,419,439,549,250,686,821,949
WA,Stirling,Balcatta STIRLING PPVC,65669,294,412,339,370,454,628,464,494,514,669,612,1036,1012,1264
WA,Stirling,Morley STIRLING PPVC,65710,138,140,123,121,145,210,180,126,195,219,208,324,352,437
WA,Stirling,Perth STIRLING PPVC,94027,42,45,32,40,49,53,54,36,53,75,19,96,110,183
WA,Swan,Belmont PPVC,58756,255,187,215,183,222,327,258,231,259,369,391,474,545,603
WA,Swan,Bentley PPVC,97539,,,,,,,,,,,,238,212,290
WA,Swan,Cannington SWAN PPVC,83331,224,209,223,223,262,361,300,275,283,399,360,487,493,702
WA,Swan,Cobham Airport PPVC,58775,,,,,,127,257,296,240,155,,156,339,299
WA,Swan,Perth SWAN PPVC,94028,79,77,74,66,81,70,81,72,73,128,38,104,158,187
WA,Swan,Skippers Airport PPVC,58777,,,,,,107,212,150,181,69,,107,189,148
WA,Swan,T1 Domestic Perth Airport PPVC,32877,,,,,,233,241,250,273,247,,313,421,440
WA,Swan,T2 Domestic Perth Airport PPVC,65655,,,,,,298,597,557,448,220,,378,716,761
WA,Swan,T3 Domestic Perth Airport PPVC,34275,,,,,,191,259,313,392,264,,371,393,524
WA,Tangney,Ardross PPVC,64592,468,445,395,406,471,605,426,432,399,670,530,880,815,1133
WA,Tangney,Cannington TANGNEY PPVC,83332,84,80,73,92,81,141,105,95,107,137,119,202,179,284
WA,Tangney,Perth TANGNEY PPVC,94436,34,39,34,37,46,50,35,48,48,72,10,76,97,89
